tree
version=v4
num_class=1
num_tree_per_iteration=1
label_index=0
max_feature_idx=19
objective=binary sigmoid:1
feature_names=Column_0 Column_1 Column_2 Column_3 Column_4 Column_5 Column_6 Column_7 Column_8 Column_9 Column_10 Column_11 Column_12 Column_13 Column_14 Column_15 Column_16 Column_17 Column_18 Column_19
feature_infos=[0:776.77729999999997] [0:15.424106999999999] [0:31.102706999999999] [0:26.85624] [0:20.335436000000001] [0:8.1552240579547703] [0:8.4059203434267964] [0:20.140513669467811] [0:19.419499330501093] [12.43453657848039:18.71344759945573] [1.8669311166666667:44.510368999999997] [9:327] [0:17.886174999999998] [-3.8626244276903989:4.1592400778487013] [0:1] [1.5877001500000001:4.4478520000000001] [0.26022016999999997:1.0693850999999999] [0.43896309947544854:0.87530971175468963] [-4.4478520000000001:773.14854264999997] [-0.96221995500000002:19.992222340000001]
tree_sizes=766 884 888 886 882 886 883 885 883 881 883 890 884 886 881 888 893 889 890 890 883 892 895 880 894 884 893 894 886 885 892 894 887 885 891 880 888 888 789 880 887 881 890 891 889 895 776 895 879 892 888 892 893 882 894 897 899 685 892 890 687 890 892 894 891 580 893 580 680 895 900 686 683 581 680 898 894 684 900 686 903 892 682 680 689 896 685 686 685 890 679 784 889 582 900 898 686 690 689 684 891 893 786 687 688 686 883 688 787 892 687 686 683 584 886 888 892 892 686 892

Tree=0
num_leaves=6
num_cat=0
split_feature=19 18 18 4 18
split_gain=1589.4 369.711 261.634 132.847 41.0673
threshold=0.57555949000000006 6.8969919500000003 9.2620371000000024 0.51457664000000014 -0.60847139999999988
decision_type=2 2 2 2 2
left_child=2 4 3 -1 -2
right_child=1 -3 -4 -5 -6
leaf_value=-2.5584355047167353 -2.4921538248302073 -2.1712546290521888 -2.3619296111512518 -2.5131012549230882 -2.3820802571309794
leaf_weight=526.93205344676971 13.518127270042894 25.947078637778759 15.17999994009733 230.84436827152967 43.003502748906612
leaf_count=7749 176 443 260 3175 581
internal_value=-2.5174 -2.31532 -2.54012 -2.54469 -2.40421
internal_weight=855.425 82.4687 772.956 757.776 56.5216
internal_count=12384 1200 11184 10924 757
is_linear=0
shrinkage=1


Tree=1
num_leaves=7
num_cat=0
split_feature=19 18 0 4 4 2
split_gain=1263.88 245.573 199.304 96.056 80.5408 40.742
threshold=0.57555949000000006 4.1863929250000007 8.9708810000000021 0.66220310000000004 0.42367822000000005 0.62079873000000008
decision_type=2 2 2 2 2 2
left_child=1 3 5 -1 -3 -2
right_child=2 4 -4 -5 -6 -7
leaf_value=-0.039575638618498249 0.02251875777828196 -0.0070413890841391743 0.25474875198324604 0.0073713426758196662 0.10836409506191545 0.12069720078047555
leaf_weight=562.94105125777423 16.946815308183432 21.931904191151261 36.216166382655501 133.06647359952331 39.843845061957836 43.349713465198874
leaf_count=8503 195 324 469 1714 643 536
internal_value=4.72331e-05 -0.0220103 0.165789 -0.0306115 0.0699329 0.0969407
internal_weight=854.296 757.783 96.5127 696.008 61.7757 60.2965
internal_count=12384 11184 1200 10217 967 731
is_linear=0
shrinkage=0.05


Tree=2
num_leaves=7
num_cat=0
split_feature=19 18 18 4 4 19
split_gain=1035.25 220.422 125.431 91.6866 64.5642 40.2871
threshold=0.57555949000000006 4.1863929250000007 8.6547520500000008 0.66220310000000004 0.42367822000000005 1.0172551575000002
decision_type=2 2 2 2 2 2
left_child=1 3 5 -1 -3 -2
right_child=2 4 -4 -5 -6 -7
leaf_value=-0.038935716157428642 0.050323480402650972 -0.0067885806655887228 0.21506858783194904 0.0069727892039179026 0.095300819772838968 0.13320017412332544
leaf_weight=544.14553658105433 41.90211864374578 21.800824038684368 36.070787437260151 133.90244212001562 43.619446368888021 31.273181164637208
leaf_count=8503 496 324 383 1714 643 321
internal_value=7.41557e-05 -0.0213253 0.140267 -0.0298849 0.0632138 0.0919967
internal_weight=852.714 743.468 109.246 678.048 65.4203 73.1753
internal_count=12384 11184 1200 10217 967 817
is_linear=0
shrinkage=0.05


Tree=3
num_leaves=7
num_cat=0
split_feature=19 18 7 9 4 17
split_gain=869.177 198.644 90.7162 90.3178 52.5692 41.7015
threshold=0.57555949000000006 4.1863929250000007 15.506509055186983 14.431533576001252 0.42367822000000005 0.85178380431230327
decision_type=2 2 2 2 2 2
left_child=1 3 5 -1 -3 -2
right_child=2 4 -4 -5 -6 -7
leaf_value=0.0086073815782185675 0.099474205849590269 -0.0065439824180446348 0.18717431907850157 -0.038075219641932473 0.084682807606603461 0.0046872617510709692
leaf_weight=126.20954881422222 69.793257623910904 21.675051489844918 36.389276837930083 534.6497198920697 47.162491880357265 14.337978959083555
leaf_count=2137 895 324 278 8080 643 27
internal_value=0.000119789 -0.0206551 0.121714 -0.0291622 0.05746 0.0844894
internal_weight=850.217 729.697 120.521 660.859 68.8375 84.1312
internal_count=12384 11184 1200 10217 967 922
is_linear=0
shrinkage=0.05


Tree=4
num_leaves=7
num_cat=0
split_feature=4 18 0 9 9 4
split_gain=760.948 167.037 137.392 66.7152 56.3897 28.5892
threshold=0.9391524750000001 6.8969919500000003 8.2592560000000024 14.414644915176821 14.55687198281481 0.43413432000000002
decision_type=2 2 2 2 2 2
left_child=2 4 3 -1 -2 -4
right_child=1 -3 5 -5 -6 -7
leaf_value=0.0026357525263623477 0.08614413172994409 0.15676214857640847 -0.0011184523090160779 -0.039681141978911122 0.020466295628162171 0.078109784072255092
leaf_weight=113.62930626608431 62.700820874422789 56.003013614565134 16.500727869570255 496.87230547517538 71.200638260692358 30.75984469242394
leaf_count=1883 732 487 255 7949 653 425
internal_value=0.000142487 0.086989 -0.0253983 -0.0318475 0.0532145 0.0529873
internal_weight=847.667 189.904 657.762 610.502 133.901 47.2606
internal_count=12384 1872 10512 9832 1385 680
is_linear=0
shrinkage=0.05


Tree=5
num_leaves=7
num_cat=0
split_feature=4 18 0 9 9 4
split_gain=666.019 139.233 120.311 60.0566 57.4643 23.4812
threshold=0.89531150000000015 8.6547520500000008 8.2592560000000024 14.858064191760468 14.414644915176821 0.43413432000000002
decision_type=2 2 2 2 2 2
left_child=2 3 4 -2 -1 -4
right_child=1 -3 5 -5 -6 -7
leaf_value=0.0005067076184910867 0.072727781949318712 0.14093428362237667 -0.0010763394789214521 0.0098566550927395146 -0.039594722883765837 0.070892509983965679
leaf_weight=109.71209554187953 96.027947045862675 55.350566439330578 16.485039180144668 63.712015664204955 473.02783544361591 30.257900157943368
leaf_count=1844 1021 429 255 566 7864 405
internal_value=0.000161745 0.0751067 -0.0258366 0.048712 -0.0321048 0.0478596
internal_weight=844.573 215.091 629.483 159.74 582.74 46.7429
internal_count=12384 2016 10368 1587 9708 660
is_linear=0
shrinkage=0.05


Tree=6
num_leaves=7
num_cat=0
split_feature=4 0 0 2 9 0
split_gain=592.388 154.653 73.0434 70.7953 40.2768 18.8046
threshold=0.7369954150000001 11.202270500000003 7.2504289000000002 1.7605157000000002 14.414644915176821 12.956021500000002
decision_type=2 2 2 2 2 2
left_child=2 3 4 -2 -1 -4
right_child=1 -3 5 -5 -6 -7
leaf_value=-0.0049936519857353683 0.017058614185712275 0.12250006938634261 0.0067191079832745375 0.079566230508452962 -0.041781860265961868 0.072662923218275277
leaf_weight=92.093271968886256 153.95832946151495 67.090099688619375 38.17349367402494 61.628102412447333 417.38432842865586 10.781434267759321
leaf_count=1576 1650 500 621 634 7254 149
internal_value=0.000174868 0.0585519 -0.0296327 0.0363257 -0.0352452 0.0266299
internal_weight=841.109 282.677 558.433 215.586 509.478 48.9549
internal_count=12384 2784 9600 2284 8830 770
is_linear=0
shrinkage=0.05


Tree=7
num_leaves=7
num_cat=0
split_feature=4 18 0 17 9 8
split_gain=527.993 126.661 69.0338 60.4041 39.1634 26.9246
threshold=0.7369954150000001 3.9943631500000003 7.2504289000000002 0.67071824828086302 14.414644915176821 13.242817361848955
decision_type=2 2 2 2 2 2
left_child=2 3 4 -2 -1 -3
right_child=1 5 -4 -5 -6 -7
leaf_value=-0.0047768011580558885 0.078248400318322545 0.066101972477452309 0.025256335572170274 0.010327365705296292 -0.041227359982438573 0.12715353126429896
leaf_weight=91.697615385055542 38.333372848108411 69.166005568578839 49.784949328750372 142.11811118759215 402.29960449226201 43.92157244682312
leaf_count=1576 758 591 770 1163 7254 272
internal_value=0.000193577 0.0537055 -0.0289188 0.0264765 -0.0345769 0.0941934
internal_weight=837.321 293.539 543.782 180.451 493.997 113.088
internal_count=12384 2784 9600 1921 8830 863
is_linear=0
shrinkage=0.05


Tree=8
num_leaves=7
num_cat=0
split_feature=4 19 0 18 9 8
split_gain=473.344 117.528 64.7439 64.1841 38.0472 21.019
threshold=0.7369954150000001 1.1624705750000002 7.2504289000000002 0.10202680000000021 14.414644915176821 12.727555824090999
decision_type=2 2 2 2 2 2
left_child=2 3 4 -2 -1 -3
right_child=1 5 -4 -5 -6 -7
leaf_value=-0.0045685968817179533 -0.0039092749592590228 0.063388958715624805 0.023653354633660712 0.050263061497973008 -0.040668093580041233 0.13657082957574346
leaf_weight=91.320456421002746 82.722486507147551 35.518004707992077 50.812406852841377 152.4587400406599 387.87662643939257 32.650597728788853
leaf_count=1576 886 290 770 1418 7254 190
internal_value=0.000219897 0.0495599 -0.028219 0.0315238 -0.0339068 0.105378
internal_weight=833.359 303.35 530.009 235.181 479.197 68.1686
internal_count=12384 2784 9600 2304 8830 480
is_linear=0
shrinkage=0.05


Tree=9
num_leaves=7
num_cat=0
split_feature=4 2 9 18 9 7
split_gain=425.279 101.494 62.1948 61.6095 49.2174 15.5275
threshold=0.7369954150000001 2.2683642000000006 13.371849397156423 6.5931423500000008 14.414644915176821 13.698770709167789
decision_type=2 2 2 2 2 2
left_child=3 2 -2 4 -1 -3
right_child=1 5 -4 -5 -6 -7
leaf_value=1.216704033107801e-05 0.083146799917560937 0.051267390687721737 0.01566052388089784 0.044103284598354088 -0.039315794039506483 0.11204234306880732
leaf_weight=99.412036493420601 37.398684786632657 30.848570866510272 195.08750292658806 24.258466668426991 393.16920008324087 49.133611822500825
leaf_count=1697 371 276 1788 307 7596 349
internal_value=0.000238804 0.0458689 0.0280386 -0.0275232 -0.0314583 0.0929974
internal_weight=829.308 312.468 232.486 516.84 492.581 79.9822
internal_count=12384 2784 2159 9600 9293 625
is_linear=0
shrinkage=0.05


Tree=10
num_leaves=7
num_cat=0
split_feature=4 5 3 0 9 0
split_gain=383.033 93.3489 62.3028 58.7282 35.3154 16.5482
threshold=0.7369954150000001 2.6372460884083142 0.8604504850000001 6.7891313000000011 14.414644915176821 12.956021500000002
decision_type=2 8 2 2 2 2
left_child=3 2 -2 4 -1 -5
right_child=1 -3 -4 5 -6 -7
leaf_value=-0.0045600236456272937 0.010225864705528597 0.11103744672124492 0.057525581481333715 0.0031497469110812562 -0.039907708096745299 0.061060987392338242
leaf_weight=89.54688772559166 159.91529311053455 39.007696656510234 122.09586237184703 45.607728892937303 356.77042622305453 12.22098011896014
leaf_count=1548 1456 241 1087 750 7153 149
internal_value=0.000272878 0.042587 0.0313495 -0.0268246 -0.0329448 0.0192735
internal_weight=825.165 321.019 282.011 504.146 446.317 57.8287
internal_count=12384 2784 2543 9600 8701 899
is_linear=0
shrinkage=0.05


Tree=11
num_leaves=7
num_cat=0
split_feature=4 0 9 0 9 4
split_gain=347.368 97.7028 60.6955 54.7007 22.9025 14.3975
threshold=0.66220310000000004 11.202270500000003 14.55687198281481 6.7891313000000011 14.414644915176821 0.42367822000000005
decision_type=2 2 2 2 2 2
left_child=3 2 -2 4 -1 -5
right_child=1 -3 -4 5 -6 -7
leaf_value=-0.0097623990555223781 0.046255180546303766 0.082090617363668017 -0.00061856420710818634 -0.0067986305346727036 -0.040044075390669287 0.042580205922430017
leaf_weight=81.51270754262805 125.90108390711248 85.945243310183287 145.91373361088336 26.604328008368611 329.95977917686105 25.152071675285697
leaf_count=1432 1238 544 1482 441 6887 360
internal_value=0.000288798 0.0370141 0.0215361 -0.0281672 -0.0342345 0.0188351
internal_weight=820.989 357.76 271.815 463.229 411.472 51.7564
internal_count=12384 3264 2720 9120 8319 801
is_linear=0
shrinkage=0.05


Tree=12
num_leaves=7
num_cat=0
split_feature=4 2 9 0 16 9
split_gain=314.996 111.585 70.1942 32.7539 12.1283 11.0269
threshold=0.51457664000000014 2.3472937000000003 14.55687198281481 6.7891313000000011 0.32058473000000004 14.330533858572165
decision_type=2 2 2 2 2 2
left_child=3 2 -2 5 -5 -1
right_child=1 -3 -4 4 -6 -7
leaf_value=-0.015946211140546396 0.039820862303110653 0.0776061744361113 -0.0048151084773254858 -0.011772820374752255 0.040309965556599575 -0.0416363684102087
leaf_weight=58.81574915163219 158.2844628803432 88.848101265728474 189.16839258000255 22.744292682036757 14.254614988341926 284.44339532591403
leaf_count=1050 1633 654 2273 256 335 6183
internal_value=0.000281065 0.0291193 0.0157955 -0.0327559 0.0107032 -0.0375266
internal_weight=816.559 436.301 347.453 380.258 36.9989 343.259
internal_count=12384 4560 3906 7824 591 7233
is_linear=0
shrinkage=0.05


Tree=13
num_leaves=7
num_cat=0
split_feature=4 18 9 0 0 16
split_gain=287.294 102.164 63.3639 31.4116 14.7946 10.9547
threshold=0.51457664000000014 8.6547520500000008 14.55687198281481 6.7891313000000011 19.779228000000003 0.32058473000000004
decision_type=2 2 2 2 2 2
left_child=3 2 -2 -1 -3 -5
right_child=1 4 -4 5 -6 -7
leaf_value=-0.036926378343669526 0.037168638658505157 0.047666524856715894 -0.0052679101568824487 -0.011383216588881253 0.096283244333763604 0.037847779109652847
leaf_weight=331.92123383376747 156.53729366883636 56.714464388787746 190.77914311550558 22.523452958092093 39.759898833930492 14.735380016267298
leaf_count=7233 1618 338 2355 256 249 335
internal_value=0.000264643 0.0272379 0.0141145 -0.0320906 0.0714598 0.0102614
internal_weight=812.971 443.791 347.316 369.18 96.4744 37.2588
internal_count=12384 4560 3973 7824 587 591
is_linear=0
shrinkage=0.05


Tree=14
num_leaves=7
num_cat=0
split_feature=4 18 7 9 9 18
split_gain=263.973 67.4018 55.1429 42.1285 35.8469 28.7255
threshold=0.9391524750000001 1.74804625 14.70319064034131 14.833543104365594 14.414644915176821 13.656441200000002
decision_type=2 2 2 2 2 2
left_child=1 4 3 -2 -1 -3
right_child=2 5 -4 -5 -6 -7
leaf_value=-0.0018946299486709694 0.038130696071891422 0.0010690072647290556 0.070621560983172418 -0.01560819625366253 -0.038191887418007352 0.069218238239733249
leaf_weight=87.637709904462099 119.17105974629521 137.9849973814562 95.197802137583494 48.377935031428933 307.48482266999781 12.438121676445006
leaf_count=1450 947 2226 545 380 6719 117
internal_value=0.000279985 -0.0195261 0.0410004 0.0226115 -0.0302655 0.00874959
internal_weight=808.292 545.546 262.747 167.549 395.123 150.423
internal_count=12384 10512 1872 1327 8169 2343
is_linear=0
shrinkage=0.05


Tree=15
num_leaves=7
num_cat=0
split_feature=4 18 5 0 0 0
split_gain=246.824 92.5628 61.3776 16.8364 12.947 11.5201
threshold=0.47928041000000005 8.6547520500000008 0.35072376702566349 6.7891313000000011 19.779228000000003 1.0000000180025095e-35
decision_type=2 2 10 2 2 2
left_child=3 2 -2 5 -3 -1
right_child=1 4 -4 -5 -6 -7
leaf_value=0.02169390176854492 0.076537798630070486 0.042962338619897886 0.004992690027554883 0.0011266725224117228 0.086547572423150559 -0.037774637862409428
leaf_weight=5.3307147771120063 27.945153906941414 59.841484598815441 343.62239783070982 32.91536433622241 42.515670612454414 291.47096948139369
leaf_count=125 413 344 3979 527 256 6740
internal_value=0.000281916 0.0233027 0.0113183 -0.0326612 0.0642538 -0.0363648
internal_weight=803.642 473.925 371.568 329.717 102.357 296.802
internal_count=12384 4992 4392 7392 600 6865
is_linear=0
shrinkage=0.05


Tree=16
num_leaves=7
num_cat=0
split_feature=4 2 19 0 0 16
split_gain=226.759 85.5139 55.3565 16.1954 11.0833 8.79042
threshold=0.47928041000000005 2.3472937000000003 0.82460049999999996 6.7891313000000011 1.0000000180025095e-35 0.32058473000000004
decision_type=2 2 2 2 2 2
left_child=3 2 -2 4 -1 -5
right_child=1 -3 -4 5 -6 -7
leaf_value=0.020913964023109632 0.001532570600700925 0.062676604624478632 0.048996207670868222 -0.017874018750079355 -0.037182522272375763 0.028139562780135137
leaf_weight=5.4367577619850627 310.04987724591047 97.216052321717143 71.717579148709774 20.375713599845767 281.63754506967962 12.570602448657153
leaf_count=125 3893 657 442 238 6740 289
internal_value=0.000310312 0.0220013 0.0109671 -0.0319942 -0.0357431 0.00107687
internal_weight=799.004 478.984 381.767 320.021 287.074 32.9463
internal_count=12384 4992 4335 7392 6865 527
is_linear=0
shrinkage=0.05


Tree=17
num_leaves=7
num_cat=0
split_feature=4 5 5 18 8 15
split_gain=207.927 81.0487 65.4619 15.8059 12.3798 11.0352
threshold=0.47928041000000005 4.1038960435967757 0.35072376702566349 1.8407009750000001 9.0666107039331667 3.6439750500000003
decision_type=2 8 10 2 2 2
left_child=3 2 -2 4 -1 -5
right_child=1 -3 -4 5 -6 -7
leaf_value=0.0070752644973927376 0.07555338354718838 0.095185567119811409 0.0089726874778098785 -0.019402446279778631 -0.039693762678464417 0.024697083197617778
leaf_weight=13.568098699674009 35.737240774556994 29.18386615626514 419.14275081735104 50.211801958270371 232.54133197292686 14.406308109872041
leaf_count=294 453 156 4383 943 5835 320
internal_value=0.00030989 0.0207281 0.0149681 -0.0313229 -0.0370258 -0.00850303
internal_weight=794.791 484.064 454.88 310.728 246.109 64.6181
internal_count=12384 4992 4836 7392 6129 1263
is_linear=0
shrinkage=0.05


Tree=18
num_leaves=7
num_cat=0
split_feature=4 18 9 18 8 17
split_gain=191.056 75.819 54.3093 15.3819 11.9612 11.0138
threshold=0.47928041000000005 8.6547520500000008 14.55687198281481 1.8407009750000001 9.0666107039331667 0.7242494021557575
decision_type=2 2 2 2 2 2
left_child=3 2 -2 4 -1 -5
right_child=1 -3 -4 5 -6 -7
leaf_value=0.0067846873967547672 0.028951064102416962 0.055980075799434037 -0.0083910502443072885 0.013168178070427656 -0.03915544878506607 -0.025696193780338494
leaf_weight=13.653651237487791 175.79221156984568 106.06338072568178 207.33014565426856 29.52505259681493 224.23190427571535 34.549628662876785
leaf_count=294 1736 600 2656 697 5835 566
internal_value=0.000325353 0.0195671 0.00889527 -0.0306579 -0.0364333 -0.00813095
internal_weight=791.146 489.186 383.122 301.96 237.886 64.0747
internal_count=12384 4992 4392 7392 6129 1263
is_linear=0
shrinkage=0.05


Tree=19
num_leaves=7
num_cat=0
split_feature=4 5 5 0 0 16
split_gain=175.449 69.7864 56.0837 15.0157 11.0804 7.94714
threshold=0.47928041000000005 4.1038960435967757 0.35072376702566349 6.7891313000000011 1.0000000180025095e-35 0.32058473000000004
decision_type=2 8 10 2 2 2
left_child=3 2 -2 4 -1 -5
right_child=1 -3 -4 5 -6 -7
leaf_value=0.022881349985546577 0.067697441711669276 0.086654037444581111 0.0075713724975327275 -0.016740451770863914 -0.035476896071435636 0.027121196688633671
leaf_weight=5.1726649757474652 37.914078073576093 30.060637392103672 425.14098184462637 19.695639107376337 256.0496060019359 12.772380193695424
leaf_count=125 453 156 4383 238 6740 289
internal_value=0.000303361 0.0184698 0.013165 -0.0299972 -0.0339133 0.00183068
internal_weight=786.806 493.116 463.055 293.69 261.222 32.468
internal_count=12384 4992 4836 7392 6865 527
is_linear=0
shrinkage=0.05


Tree=20
num_leaves=7
num_cat=0
split_feature=4 18 9 0 2 7
split_gain=162.725 58.4984 44.7141 42.4028 25.9753 15.1654
threshold=1.0263540000000002 6.5931423500000008 14.414644915176821 1.5873052500000002 0.56285125000000014 16.674330936571469
decision_type=2 2 2 2 2 2
left_child=1 2 -1 -2 -5 -3
right_child=3 5 -4 4 -6 -7
leaf_value=0.0039554562300483792 -0.013027045860148023 0.013982590194889448 -0.029985320826023072 0.0066434532794749082 0.051047336124099285 0.072168541195922226
leaf_weight=132.12133204936981 38.960362797603011 41.794780476018786 349.60664319898933 42.854264169931412 165.46571855247021 12.25699852965772
leaf_count=2077 292 374 8275 295 997 74
internal_value=0.000325068 -0.0151464 -0.0207315 0.0334828 0.0422827 0.0321705
internal_weight=783.06 535.78 481.728 247.28 208.32 54.0518
internal_count=12384 10800 10352 1584 1292 448
is_linear=0
shrinkage=0.05


Tree=21
num_leaves=7
num_cat=0
split_feature=4 2 10 18 8 8
split_gain=151.944 62.6498 44.1605 14.7664 11.7109 10.7345
threshold=0.47928041000000005 2.3472937000000003 23.042353083333339 1.8407009750000001 9.0666107039331667 10.784997006983966
decision_type=2 2 2 2 2 2
left_child=3 2 -2 4 -1 -5
right_child=1 -3 -4 5 -6 -7
leaf_value=0.0079672139564909133 0.028410961752105279 0.050451992270812721 -0.0056247662654346671 0.021292372842278761 -0.037767335209962477 -0.019863605292037088
leaf_weight=13.308000832796095 149.62685586698353 103.85382873564959 245.02648865059018 18.918744238093495 204.798679090105 43.008480140008032
leaf_count=294 2899 657 1436 378 5835 885
internal_value=0.000327541 0.0168392 0.00747337 -0.0288457 -0.0348608 -0.00663907
internal_weight=778.541 498.507 394.653 280.034 218.107 61.9272
internal_count=12384 4992 4335 7392 6129 1263
is_linear=0
shrinkage=0.05


Tree=22
num_leaves=7
num_cat=0
split_feature=4 5 5 18 0 17
split_gain=139.468 59.7315 50.6583 14.2818 11.6581 10.6054
threshold=0.47928041000000005 2.6372460884083142 0.35072376702566349 1.8407009750000001 1.0000000180025095e-35 0.7242494021557575
decision_type=2 8 10 2 2 2
left_child=3 2 -2 4 -1 -5
right_child=1 -3 -4 5 -6 -7
leaf_value=0.024243749589970838 0.059970637045403258 0.064282886118824489 0.0041082571051971007 0.01448267954706163 -0.036205874977131444 -0.024212309228813105
leaf_weight=4.9963553175330153 40.157904215157032 51.81714728474617 410.63745879381895 28.848115108907223 206.16168417502195 32.688628044910729
leaf_count=125 453 287 4252 697 6004 566
internal_value=0.000311162 0.0158941 0.00968789 -0.0281794 -0.0342478 -0.00634713
internal_weight=775.307 502.613 450.795 272.695 211.158 61.5367
internal_count=12384 4992 4705 7392 6129 1263
is_linear=0
shrinkage=0.05


Tree=23
num_leaves=7
num_cat=0
split_feature=4 9 19 0 8 9
split_gain=128.39 58.6269 38.0937 23.7633 14.8518 12.2368
threshold=0.51457664000000014 13.371849397156423 1.08637838 6.7891313000000011 11.359101326767275 14.419801501612399
decision_type=2 2 2 2 2 2
left_child=3 4 -3 5 -2 -1
right_child=1 2 -4 -5 -6 -7
leaf_value=-0.0092222595547925054 0.028349269758328011 0.00054866904494324325 0.041601530527233983 0.010353612273232431 0.073700538322861553 -0.037040525787870079
leaf_weight=54.190906014293432 47.787247894331813 333.20256251469254 63.081915579736233 37.028727974742651 39.859637834131718 196.4744142703712
leaf_count=1209 401 3587 307 591 265 6024
internal_value=0.000318158 0.0159952 0.00752053 -0.0258749 0.0518383 -0.0313245
internal_weight=771.625 483.931 396.284 287.694 87.6469 250.665
internal_count=12384 4560 3894 7824 666 7233
is_linear=0
shrinkage=0.05


Tree=24
num_leaves=7
num_cat=0
split_feature=4 18 5 10 9 5
split_gain=118.516 54.2153 38.0227 22.3286 13.5362 11.7983
threshold=0.47928041000000005 -0.34743767499999983 4.1038960435967757 23.042353083333339 14.456984083209996 0.53357308723664565
decision_type=2 2 8 2 2 10
left_child=4 3 -3 -2 5 -1
right_child=1 2 -4 -5 -6 -7
leaf_value=0.027146070454781807 0.01362523931849449 0.018472593542077396 0.073957012915276732 -0.028376021523499596 -0.033103105860114633 -0.018164026842593071
leaf_weight=15.153215992264448 45.840983545407653 350.10010606329888 29.905192762613297 82.331801678985357 198.14804802834988 45.95338920596987
leaf_count=330 1082 3221 152 537 6058 1004
internal_value=0.000326793 0.0143336 0.0237428 -0.0134067 -0.0268804 -0.00572466
internal_weight=767.433 508.178 380.005 128.173 259.255 61.1066
internal_count=12384 4992 3373 1619 7392 1334
is_linear=0
shrinkage=0.05


Tree=25
num_leaves=7
num_cat=0
split_feature=4 9 0 7 9 4
split_gain=110.982 45.4793 38.0886 32.7725 33.0777 13.9395
threshold=1.0263540000000002 13.504639121563715 4.0923700000000007 14.70319064034131 14.833543104365594 2.2529230500000001
decision_type=2 2 2 2 2 2
left_child=1 -1 -3 4 -2 -5
right_child=3 2 -4 5 -6 -7
leaf_value=0.027975044152940609 0.025823865379809949 -0.029146623081474587 0.0010641157411027285 0.033105050222446197 -0.023130136603423737 0.07908277056086499
leaf_weight=54.984276372939348 120.70058080740273 291.01661026012152 160.58656217250973 66.404636241495609 43.178583448752761 26.893260423094034
leaf_count=713 813 7280 2807 349 296 126
internal_value=0.000317575 -0.0132404 -0.0185099 0.0267673 0.0126226 0.0497067
internal_weight=763.765 506.587 451.603 257.177 163.879 93.2979
internal_count=12384 10800 10087 1584 1109 475
is_linear=0
shrinkage=0.05


Tree=26
num_leaves=7
num_cat=0
split_feature=2 4 5 10 9 8
split_gain=104.031 45.1254 35.0474 34.1753 30.5256 25.469
threshold=0.59563885000000016 0.95316275000000006 0.41890609654043054 20.529755891666671 15.524043902712657 13.242817361848955
decision_type=2 2 10 2 2 2
left_child=2 4 -1 -4 -2 -3
right_child=1 5 3 -5 -6 -7
leaf_value=0.024892554294863714 0.013319074298071132 0.02047557646682514 0.0026133187981558295 -0.034441686123000949 -0.028387269638180165 0.058176703049643577
leaf_weight=35.889946824871004 125.2097140038386 156.76235839538276 83.384188598021865 232.66333848424256 61.171705692075193 64.112385202199221
leaf_count=869 1935 1001 3510 3380 1355 334
internal_value=0.000329828 0.0174376 -0.0194339 -0.0247769 -0.000753266 0.0324645
internal_weight=759.194 407.256 351.937 316.048 186.381 220.875
internal_count=12384 4625 7759 6890 3290 1335
is_linear=0
shrinkage=0.05


Tree=27
num_leaves=7
num_cat=0
split_feature=4 18 5 18 0 15
split_gain=97.7494 45.6768 39.1641 13.2253 11.6821 10.2496
threshold=0.47928041000000005 16.112278425000003 0.35072376702566349 1.8407009750000001 1.0000000180025095e-35 3.6439750500000003
decision_type=2 2 10 2 2 2
left_child=3 2 -2 4 -1 -5
right_child=1 -3 -4 5 -6 -7
leaf_value=0.027051617172995784 0.051952541164875909 0.056070141258412622 0.002784398009510428 -0.015716429773622496 -0.033919101911807178 0.02774364864610436
leaf_weight=4.6504851784557095 39.893465844914317 49.558472655713558 421.40445441938937 45.069928297773004 181.55276185180992 13.690373794175683
leaf_count=125 440 275 4277 943 6004 320
internal_value=0.000320297 0.012753 0.00754798 -0.0253438 -0.0317288 -0.00420922
internal_weight=755.82 510.856 461.298 244.964 186.203 58.7603
internal_count=12384 4992 4717 7392 6129 1263
is_linear=0
shrinkage=0.05


Tree=28
num_leaves=7
num_cat=0
split_feature=2 4 5 18 3 8
split_gain=90.748 39.8052 31.731 33.0238 28.8387 22.0783
threshold=0.58948237500000011 0.95316275000000006 0.41890609654043054 6.5931423500000008 0.37645869000000004 13.242817361848955
decision_type=2 2 10 2 2 2
left_child=2 4 -1 -4 -2 -3
right_child=1 5 3 -5 -6 -7
leaf_value=0.023036331679923385 -0.020713255483715814 0.018966659965079 -0.029822874478417433 0.019899092082085828 0.017515154596225036 0.053823165535573016
leaf_weight=36.674665530212224 90.650636591948569 159.35227686539292 269.20866285823286 34.511254666373134 96.895046776160598 64.930399235337973
leaf_count=867 1715 1004 6580 269 1615 334
internal_value=0.0003343 0.0160367 -0.0186205 -0.0239423 -0.00102069 0.0300114
internal_weight=752.223 411.828 340.395 303.72 187.546 224.283
internal_count=12384 4668 7716 6849 3330 1338
is_linear=0
shrinkage=0.05


Tree=29
num_leaves=7
num_cat=0
split_feature=4 9 0 0 9 10
split_gain=84.764 47.7967 30.5781 28.5561 11.3784 7.39055
threshold=0.42083293000000005 14.55687198281481 12.956021500000002 2.3687342500000006 13.045609756500001 20.529755891666671
decision_type=2 2 2 2 2 2
left_child=4 3 -3 -2 -1 -6
right_child=1 2 -4 -5 5 -7
leaf_value=0.029246383579611731 -0.0041749563240653627 -0.011135537315597436 0.036988264340198182 0.03359048650293963 -0.010331507870822125 -0.033987985654079553
leaf_weight=4.9836080810055128 63.552605560049415 231.04002996440977 33.432931140065193 214.04696364700794 48.931229633279145 152.33234194293618
leaf_count=81 617 3268 161 1763 3173 3321
internal_value=0.000334797 0.0107204 -0.00447861 0.0250237 -0.026569 -0.0286265
internal_weight=748.32 542.073 264.473 277.6 206.247 201.264
internal_count=12384 5809 3429 2380 6575 6494
is_linear=0
shrinkage=0.05


Tree=30
num_leaves=7
num_cat=0
split_feature=2 0 5 10 3 10
split_gain=78.8068 35.5355 29.3191 30.5221 26.6724 9.80502
threshold=0.58948237500000011 19.779228000000003 0.41890609654043054 20.529755891666671 0.84510477500000014 34.262343691666672
decision_type=2 2 10 2 2 2
left_child=2 4 5 -4 -2 -1
right_child=1 -3 3 -5 -6 -7
leaf_value=0.033285949854432832 -0.0008891449335778792 0.058542041649620291 0.0031494599955192958 -0.032726273925995052 0.026119553312818896 -0.021892003110676527
leaf_weight=30.485720270313323 230.73945249523968 36.983608014881611 80.248898175545037 213.37063279375434 146.04050917457789 6.6338219847530118
leaf_count=804 3239 213 3488 3361 1216 63
internal_value=0.000322653 0.0147895 -0.0177265 -0.0230325 0.00978444 0.0219966
internal_weight=744.503 413.764 330.739 293.62 376.78 37.1195
internal_count=12384 4668 7716 6849 4455 867
is_linear=0
shrinkage=0.05


Tree=31
num_leaves=7
num_cat=0
split_feature=4 9 17 8 9 10
split_gain=74.4681 41.4067 27.6654 27.2313 10.8217 6.74097
threshold=0.42083293000000005 13.815989008056151 0.68121866354121818 12.745531568042209 13.045609756500001 20.529755891666671
decision_type=2 2 2 2 2 2
left_child=4 3 -3 -2 -1 -6
right_child=1 2 -4 -5 5 -7
leaf_value=0.028570226551280411 0.019616173611819512 0.023139004413449932 -0.0067163153666371135 0.071494158010289022 -0.010155093740334499 -0.032970334359552204
leaf_weight=5.0605613570660344 123.44896579533815 100.31180873420089 289.93424156494439 29.322094798088074 48.715881079435349 144.58953120186925
leaf_count=81 1082 1753 2805 169 3173 3321
internal_value=0.000320708 0.00990744 0.00115356 0.0315236 -0.0255209 -0.0276216
internal_weight=741.383 543.017 390.246 152.771 198.366 193.305
internal_count=12384 5809 4558 1251 6575 6494
is_linear=0
shrinkage=0.05


Tree=32
num_leaves=7
num_cat=0
split_feature=18 9 9 2 0 16
split_gain=69.459 48.3127 26.4722 25.8637 19.41 15.406
threshold=4.0939369000000001 14.858064191760468 12.701413476190341 1.8472324500000001 19.779228000000003 0.32058473000000004
decision_type=2 2 2 2 2 2
left_child=1 2 -1 -3 5 -2
right_child=4 3 -4 -5 -6 -7
leaf_value=0.069890105599418648 -0.0056053975573653663 -0.028570885046259827 0.0022195036931935363 0.022353986701067814 0.051499572917374226 0.025890223913007295
leaf_weight=10.395843856036661 56.448307380080223 249.45797912031412 242.60658896062523 23.964400635100901 45.963499311357737 109.40227013453841
leaf_count=105 392 6814 3643 238 270 922
internal_value=0.000329662 -0.0094031 0.00630064 -0.0237862 0.0241777 0.0153202
internal_weight=738.239 526.425 253.002 273.422 211.814 165.851
internal_count=12384 10800 3748 7052 1584 1314
is_linear=0
shrinkage=0.05


Tree=33
num_leaves=7
num_cat=0
split_feature=2 0 5 10 9 10
split_gain=65.7999 28.8079 26.89 27.9466 23.2466 8.86093
threshold=0.58948237500000011 19.779228000000003 0.41890609654043054 20.529755891666671 16.724588678397783 34.262343691666672
decision_type=2 2 10 2 2 2
left_child=2 4 5 -4 -2 -1
right_child=1 -3 3 -5 -6 -7
leaf_value=0.03172382472444072 0.012324469347544414 0.053071510495345066 0.0030817194345007341 -0.031544359651016547 -0.034381155076947216 -0.02114726632358685
leaf_weight=30.964026477187872 354.19685912877321 36.514483224600554 79.919781266711652 202.15232266765088 23.987594628706574 6.3849924989044657
leaf_count=804 4011 213 3488 3361 444 63
internal_value=0.000352969 0.0134228 -0.0165607 -0.0218509 0.00895204 0.0212556
internal_weight=734.12 414.699 319.421 282.072 378.184 37.349
internal_count=12384 4668 7716 6849 4455 867
is_linear=0
shrinkage=0.05


Tree=34
num_leaves=7
num_cat=0
split_feature=4 18 5 10 9 0
split_gain=62.72 34.9142 25.8287 17.346 9.97332 6.24016
threshold=0.42083293000000005 -0.34743767499999983 4.1038960435967757 23.042353083333339 13.045609756500001 1.0000000180025095e-35
decision_type=2 2 8 2 2 2
left_child=4 3 -3 -2 -1 -6
right_child=1 2 -4 -5 5 -7
leaf_value=0.027258118005739313 0.0094282560667511492 0.012275884398362517 0.058303248697021082 -0.02646725344748534 0.020325739202185462 -0.027735885194640972
leaf_weight=5.2144733648747197 51.340991460718215 380.35619613435119 28.818904131650925 82.512983780354261 3.5916628101840606 179.78932730667293
leaf_count=81 1332 3681 155 641 106 6388
internal_value=0.000332697 0.00897272 0.0161824 -0.0128555 -0.024134 -0.0262801
internal_weight=731.625 543.029 409.175 133.854 188.595 183.381
internal_count=12384 5809 3836 1973 6575 6494
is_linear=0
shrinkage=0.05


Tree=35
num_leaves=7
num_cat=0
split_feature=9 18 8 11 9 9
split_gain=58.0102 36.3693 28.4593 26.3801 17.8643 15.4146
threshold=14.55687198281481 1.74804625 12.762096629149617 51.000000000000007 12.701413476190341 16.852590803734341
decision_type=2 2 2 2 2 2
left_child=2 3 4 -2 -1 -3
right_child=1 5 -4 -5 -6 -7
leaf_value=0.052388755107562662 0.019031510571213765 0.013676863277766217 0.046989905862185197 -0.029290331018980199 0.0049813970894254239 -0.035375146638699777
leaf_weight=16.656588675454259 28.687032929621637 125.22047876752913 54.612303110770881 226.95622065803036 262.80147712863982 13.423812121152876
leaf_count=137 913 1608 322 5973 3224 207
internal_value=0.000335535 -0.0125817 0.0155418 -0.0236068 0.00867821 0.00786152
internal_weight=728.358 394.288 334.07 255.643 279.458 138.644
internal_count=12384 8701 3683 6886 3361 1815
is_linear=0
shrinkage=0.05


Tree=36
num_leaves=7
num_cat=0
split_feature=3 18 9 13 9 1
split_gain=55.2501 40.4923 35.7485 28.2089 18.4639 14.5587
threshold=0.82078817500000012 2.8796583000000004 13.315293902691144 0.28742569253478573 16.274551734966586 1.2067665000000003
decision_type=2 2 2 10 2 2
left_child=1 2 -1 4 -2 -5
right_child=3 -3 -4 5 -6 -7
leaf_value=0.032111099069513677 0.037316209488576314 0.01289096033069295 -0.022597694541316257 -0.024447186702800425 -0.015412460433962256 0.022501010303015608
leaf_weight=28.43557068426162 143.53597003873438 148.07955141086131 327.97911449940875 39.69525726698339 15.949562424793838 21.488443104550242
leaf_count=313 1247 1546 8665 353 159 101
internal_value=0.000336491 -0.00878825 -0.017849 0.02093 0.0317348 -0.00750421
internal_weight=725.163 504.494 356.415 220.669 159.486 61.1837
internal_count=12384 10524 8978 1860 1406 454
is_linear=0
shrinkage=0.05


Tree=37
num_leaves=7
num_cat=0
split_feature=2 5 10 19 17 15
split_gain=52.8049 25.0145 25.8185 24.7158 22.5946 8.46023
threshold=0.58948237500000011 0.41890609654043054 20.529755891666671 1.980252565 0.67071824828086302 3.6439750500000003
decision_type=2 8 2 2 2 2
left_child=1 5 -3 4 -2 -1
right_child=3 2 -4 -5 -6 -7
leaf_value=0.0069011984102267335 0.029378273919494047 0.0033243851820588134 -0.030317613837517743 0.052926663371338979 0.0013492322937149331 0.059777845513765471
leaf_weight=31.274832019582391 90.171999341808259 79.191200779750943 190.68987960508093 28.916795209050179 296.20486175827682 5.7382784634828559
leaf_count=689 1333 3491 3361 159 3176 175
internal_value=0.000325599 -0.0152639 -0.0205651 0.0118905 0.00818235 0.0212374
internal_weight=722.188 306.894 269.881 415.294 386.377 37.0131
internal_count=12384 7716 6852 4668 4509 864
is_linear=0
shrinkage=0.05


Tree=38
num_leaves=6
num_cat=0
split_feature=4 5 5 9 10
split_gain=50.2474 28.5252 30.3766 8.73122 6.20158
threshold=0.42083293000000005 4.1038960435967757 0.35072376702566349 13.045609756500001 20.529755891666671
decision_type=2 8 10 2 2
left_child=3 2 -2 -1 -5
right_child=1 -3 -4 4 -6
leaf_value=0.024918207037762624 0.040941171907198766 0.052168062354733716 0.0008420946633555422 -0.0077132210025395581 -0.030151121989860852
leaf_weight=5.5013492032885543 47.590966355055571 29.202676799148321 465.52429522946477 45.813978331163526 126.09806483611465
leaf_count=81 508 159 5142 3173 3321
internal_value=0.000345826 0.00791797 0.00492045 -0.0223833 -0.0245585
internal_weight=719.731 542.318 513.115 177.413 171.912
internal_count=12384 5809 5650 6575 6494
is_linear=0
shrinkage=0.05


Tree=39
num_leaves=7
num_cat=0
split_feature=9 18 8 11 9 9
split_gain=47.1337 29.0829 23.4585 22.8228 15.2342 13.7163
threshold=14.610687787546345 1.74804625 12.762096629149617 51.000000000000007 12.701413476190341 16.852590803734341
decision_type=2 2 2 2 2 2
left_child=2 3 4 -2 -1 -3
right_child=1 5 -4 -5 -6 -7
leaf_value=0.047101922227089726 0.017053436582151114 0.012408805941553963 0.041770532204171706 -0.027992949653778177 0.004118645471872167 -0.034529333668068124
leaf_weight=17.429085653275251 28.969676028005779 118.71514971274883 55.883980127051473 208.97960662515834 274.1738210786134 12.932809839956461
leaf_count=137 903 1520 336 5869 3412 207
internal_value=0.000352806 -0.0119987 0.0134741 -0.0222706 0.00743847 0.00670299
internal_weight=717.084 369.597 347.487 237.949 291.603 131.648
internal_count=12384 8499 3885 6772 3549 1727
is_linear=0
shrinkage=0.05


Tree=40
num_leaves=7
num_cat=0
split_feature=2 5 10 9 8 15
split_gain=44.6335 22.4204 23.6185 22.0382 35.396 7.86677
threshold=0.58948237500000011 0.41890609654043054 20.529755891666671 16.724588678397783 13.169000423032113 3.6439750500000003
decision_type=2 8 2 2 2 2
left_child=1 5 -3 4 -2 -1
right_child=3 2 -4 -5 -6 -7
leaf_value=0.0062308781461126138 0.005716440934018561 0.0032381605649079112 -0.029178978815643228 -0.032789878915780203 0.041745938451789089 0.056665049395582423
leaf_weight=31.499314438551664 310.21876778453588 79.034719616174698 181.79728369647637 22.466998940333724 83.152842181734741 5.969855058938264
leaf_count=689 3618 3491 3361 445 605 175
internal_value=0.000350289 -0.0142743 -0.0194801 0.0108862 0.0137609 0.0199917
internal_weight=714.14 298.301 260.832 415.839 393.372 37.4692
internal_count=12384 7716 6852 4668 4223 864
is_linear=0
shrinkage=0.05


Tree=41
num_leaves=7
num_cat=0
split_feature=9 18 11 8 9 9
split_gain=42.3554 27.6139 21.1721 19.5116 13.4508 12.2443
threshold=14.55687198281481 1.74804625 51.000000000000007 12.762096629149617 12.701413476190341 16.852590803734341
decision_type=2 2 2 2 2 2
left_child=3 2 -2 4 -1 -3
right_child=1 5 -4 -5 -6 -7
leaf_value=0.044386395947116859 0.015884036497008144 0.011424162800699824 -0.026964226976710096 0.039330455484283912 0.0042438354990472797 -0.033358343985751306
leaf_weight=17.830876968801022 30.002446256577969 126.98588188737631 207.02679234975949 54.203019004315138 263.28330422658473 12.386899810284374
leaf_count=137 913 1608 5973 322 3224 207
internal_value=0.000344743 -0.0110994 -0.0213245 0.0131654 0.00752123 0.00642663
internal_weight=711.719 376.402 237.029 335.317 281.114 139.373
internal_count=12384 8701 6886 3683 3361 1815
is_linear=0
shrinkage=0.05


Tree=42
num_leaves=7
num_cat=0
split_feature=4 10 0 1 15 15
split_gain=40.5223 25.2704 26.7269 9.41453 8.11637 14.0978
threshold=0.42083293000000005 10.894088516666669 1.1662373000000004 0.40749760000000007 3.6439750500000003 3.6561032750000009
decision_type=2 2 2 2 2 2
left_child=4 3 -3 -2 -1 -6
right_child=1 2 -4 -5 5 -7
leaf_value=-0.0261193709963231 0.0094658037656544999 -0.028644765402623309 0.0066249494780697658 0.04161683804514988 0.049235473350499083 -0.015660823905699239
leaf_weight=133.85536983748898 41.690551501698792 57.322358723729849 384.51997171994299 57.372402402106673 6.2262992267496875 27.890456622932106
leaf_count=5011 1103 657 3010 1039 273 1291
internal_value=0.000341616 0.00702145 0.00177991 0.029191 -0.02075 0.00096226
internal_weight=708.877 540.905 441.842 99.063 167.972 34.1168
internal_count=12384 5809 3667 2142 6575 1564
is_linear=0
shrinkage=0.05


Tree=43
num_leaves=7
num_cat=0
split_feature=3 9 0 13 9 18
split_gain=37.9434 30.9778 27.9427 24.5711 13.9857 12.6876
threshold=0.82078817500000012 13.17902694551241 3.6594280000000006 0.28742569253478573 16.274551734966586 3.9943631500000003
decision_type=2 2 2 10 2 2
left_child=1 -1 -3 4 -2 -5
right_child=3 2 -4 5 -6 -7
leaf_value=0.030226403769065924 0.031837356757301476 -0.023192919489215275 0.0019149054420163345 -0.027532268052084877 -0.014282890555646025 0.015371039382093469
leaf_weight=44.288155943155289 146.59381148498505 235.18916504411027 204.41045896336436 34.767070111818612 15.574184045195578 26.10535978153348
leaf_count=418 1247 6679 3427 304 159 150
internal_value=0.000331281 -0.00752705 -0.0116277 0.0171712 0.0271134 -0.00936288
internal_weight=706.928 483.888 439.6 223.04 162.168 60.8724
internal_count=12384 10524 10106 1860 1406 454
is_linear=0
shrinkage=0.05


Tree=44
num_leaves=7
num_cat=0
split_feature=2 5 18 0 9 10
split_gain=35.7969 21.0481 21.4925 19.7943 15.5832 7.11291
threshold=0.58948237500000011 0.41890609654043054 6.5931423500000008 19.779228000000003 16.724588678397783 34.262343691666672
decision_type=2 8 2 2 2 2
left_child=1 5 -3 4 -2 -1
right_child=3 2 -4 -5 -6 -7
leaf_value=0.029074826070386341 0.0086884827377413931 -0.024141840629362536 0.016380963203073709 0.043550552647422393 -0.031330119547697904 -0.019385479363318161
leaf_weight=31.386965189129114 360.73581005213782 216.27779499208555 34.786766361445189 34.202069204300642 21.190774969756603 5.8212582953274241
leaf_count=801 4011 6580 272 213 444 63
internal_value=0.00031331 -0.0131009 -0.0183169 0.00965121 0.00609193 0.0200949
internal_weight=704.401 288.273 251.065 416.129 381.927 37.2082
internal_count=12384 7716 6852 4668 4455 864
is_linear=0
shrinkage=0.05


Tree=45
num_leaves=7
num_cat=0
split_feature=9 1 17 5 5 18
split_gain=34.2177 24.2485 25.1689 17.9771 14.0992 10.7649
threshold=14.610687787546345 0.23980792000000004 0.68121866354121818 4.845764741048959 0.70220949343838834 5.0994945750000005
decision_type=2 2 2 8 10 2
left_child=3 5 -3 4 -1 -2
right_child=1 2 -4 -5 -6 -7
leaf_value=0.021585509517138727 -0.031449126420511384 0.026669634854792981 -0.010437673006617248 0.053878622976782746 0.00033408827112263564 0.011806040498218852
leaf_weight=118.96955119073391 121.49655123241246 58.207416208460927 159.94961053738371 18.367333643138409 211.12802701629698 13.631843902170656
leaf_count=1517 4508 1360 2466 114 2254 165
internal_value=0.000301298 -0.0105899 -0.000161193 0.0113368 0.00820105 -0.02682
internal_weight=701.75 353.285 218.157 348.465 330.098 135.128
internal_count=12384 8499 3826 3885 3771 4673
is_linear=0
shrinkage=0.05


Tree=46
num_leaves=6
num_cat=0
split_feature=2 9 10 19 19
split_gain=33.007 30.3006 26.3971 5.70902 11.7258
threshold=2.2683642000000006 12.701413476190341 17.503629875000005 1.980252565 0.55916290000000013
decision_type=2 2 2 2 2
left_child=1 -1 -3 4 -2
right_child=3 2 -4 -5 -6
leaf_value=0.05495454055961714 0.038482277427980383 0.010644515137639905 -0.013321912479761243 0.046289898881350829 0.003532339647762821
leaf_weight=15.645152693614362 34.886333428323269 154.39478271920234 411.59119623340666 20.040252331644297 63.134535774588585
leaf_count=126 277 5442 6109 112 318
internal_value=0.000306709 -0.0046342 -0.00674817 0.0238475 0.0172353
internal_weight=699.692 581.631 565.986 118.061 98.0209
internal_count=12384 11677 11551 707 595
is_linear=0
shrinkage=0.05


Tree=47
num_leaves=7
num_cat=0
split_feature=4 19 17 15 15 15
split_gain=31.4235 21.7296 20.574 7.85464 12.975 6.76051
threshold=0.42083293000000005 2.2927725175000004 0.67071824828086302 3.6439750500000003 3.6561032750000009 2.2210465250000002
decision_type=2 2 2 2 2 2
left_child=3 2 -2 5 -5 -1
right_child=1 -3 -4 4 -6 -7
leaf_value=0.0017277023717625424 0.021223466071041974 0.048451926992332223 -0.001907541199763118 0.048173586922854561 -0.014205614856060703 -0.029297414927502336
leaf_weight=20.248510827310383 121.89343645423651 23.73449720069766 393.74039803165942 6.3328035147860637 26.631872449535877 105.15446680458263
leaf_count=602 1737 144 3928 273 1291 4409
internal_value=0.000338276 0.00610753 0.00371183 -0.0188962 0.00254425 -0.0244137
internal_weight=697.736 539.368 515.634 158.368 32.9647 125.403
internal_count=12384 5809 5665 6575 1564 5011
is_linear=0
shrinkage=0.05


Tree=48
num_leaves=7
num_cat=0
split_feature=9 18 19 5 5 9
split_gain=29.6842 21.2842 19.06 16.0718 12.42 10.4795
threshold=14.55687198281481 1.74804625 0.82460049999999996 4.845764741048959 0.70220949343838834 16.852590803734341
decision_type=2 2 2 8 10 2
left_child=3 2 -2 4 -1 -3
right_child=1 5 -4 -5 -6 -7
leaf_value=0.020593274238000007 -0.022752241014425242 0.010185603770598677 0.033600953555121299 0.051689047272032031 0.00032820804479437456 -0.031966488115211175
leaf_weight=115.82116768043488 208.9611553940922 127.18311062501743 11.785685461014507 17.766109116375446 202.48393772169948 11.706068558152763
leaf_count=1464 6811 1608 75 114 2105 207
internal_value=0.000344237 -0.00957599 -0.019066 0.0109448 0.00790647 0.00564553
internal_weight=695.707 359.636 220.747 336.071 318.305 138.889
internal_count=12384 8701 6886 3683 3569 1815
is_linear=0
shrinkage=0.05


Tree=49
num_leaves=7
num_cat=0
split_feature=2 17 1 18 9 4
split_gain=28.5739 20.547 27.5895 16.4281 13.5915 3.06063
threshold=0.58948237500000011 0.76613955713338977 0.40749760000000007 17.559655700000004 16.724588678397783 0.24040888000000002
decision_type=2 2 2 2 2 2
left_child=1 2 -1 4 -2 -3
right_child=3 5 -4 -5 -6 -7
leaf_value=-0.01669339620102708 0.0078818547966023073 -0.0052290493315579308 0.01997729768927135 0.041014038658706405 -0.030120481784026459 -0.042918323280458366
leaf_weight=154.00841209618375 363.93308562086895 7.7143266736529759 70.909488132689148 30.922380764037371 20.24943979922682 45.680489601101726
leaf_count=5656 4030 242 1361 193 445 457
internal_value=0.000345272 -0.0119286 -0.00494926 0.0086185 0.0055176 -0.0383871
internal_weight=693.418 278.313 224.918 415.105 384.183 53.3948
internal_count=12384 7716 7017 4668 4475 699
is_linear=0
shrinkage=0.05


Tree=50
num_leaves=7
num_cat=0
split_feature=4 5 2 7 9 1
split_gain=27.2063 21.962 21.6104 17.0527 16.7935 10.3602
threshold=1.0263540000000002 0.41890609654043054 2.3472937000000003 14.315042444484154 14.833543104365594 0.38616864000000006
decision_type=2 10 2 2 2 2
left_child=1 5 -3 4 -2 -1
right_child=3 2 -4 -5 -6 -7
leaf_value=0.00038982606338173152 0.010977822678295189 -0.01488421506364551 0.032919926713211395 0.028097209823043392 -0.026263522905493192 0.041761948312566653
leaf_weight=31.067451771348715 124.34301503375173 352.31867871712893 20.663459968753159 103.83930847235024 34.552938906475902 24.678145602811128
leaf_count=850 739 9401 150 586 259 399
internal_value=0.000314582 -0.00742422 -0.0118354 0.0128455 0.00232529 0.0206349
internal_weight=691.463 428.728 372.982 262.735 158.896 55.7456
internal_count=12384 10800 9551 1584 998 1249
is_linear=0
shrinkage=0.05


Tree=51
num_leaves=7
num_cat=0
split_feature=9 3 0 13 8 12
split_gain=25.9213 25.1405 24.4658 20.8681 12.2935 6.14375
threshold=13.315293902691144 0.82078817500000012 3.6594280000000006 0.28742569253478573 11.359101326767275 0.50186539985545109
decision_type=2 2 2 10 2 2
left_child=4 2 -2 -3 5 -1
right_child=1 3 -4 -5 -6 -7
leaf_value=0.022829935574526655 -0.02205324039846247 0.022436482379639834 0.0022288242956511623 -0.014691684216584296 0.043488118425981409 -0.0059219409833699329
leaf_weight=31.361251055262983 214.00954868458211 125.31380184553564 195.49821264110506 49.321762819774449 38.34539473708719 34.689139461144805
leaf_count=288 6637 1144 3361 385 268 301
internal_value=0.000321263 -0.00383148 -0.010574 0.0118334 0.0226709 0.00837558
internal_weight=688.539 584.143 409.508 174.636 104.396 66.0504
internal_count=12384 11527 9998 1529 857 589
is_linear=0
shrinkage=0.05


Tree=52
num_leaves=7
num_cat=0
split_feature=9 8 18 15 13 5
split_gain=24.1611 27.3251 19.8133 19.7219 15.9494 7.74801
threshold=15.524043902712657 12.706767811183967 4.1863929250000007 3.6439750500000003 0.138250123469528 0.51714851129339701
decision_type=2 2 2 2 8 10
left_child=1 3 5 -1 -3 -2
right_child=2 4 -4 -5 -6 -7
leaf_value=-0.0047249080148226829 -0.0027898768087731615 0.045470146458128691 0.016104668629593068 0.024470035767365169 0.0049201495502673356 -0.030068139605660793
leaf_weight=345.78092995565385 35.404467390850186 55.340689481701702 36.208707366138697 64.268871881067753 42.79182920884341 106.31989344162866
leaf_count=5012 1318 393 299 1445 371 3546
internal_value=0.000318607 0.00587792 -0.0152857 9.06015e-05 0.0288836 -0.023581
internal_weight=686.115 508.182 177.933 410.05 98.1325 141.724
internal_count=12384 7221 5163 6457 764 4864
is_linear=0
shrinkage=0.05


Tree=53
num_leaves=7
num_cat=0
split_feature=11 0 5 9 7 7
split_gain=23.6822 24.5877 22.7849 5.76979 5.86369 5.02766
threshold=51.000000000000007 19.779228000000003 0.52248343662572905 15.508803852804094 13.305407785709271 13.571409132044314
decision_type=2 2 10 2 2 2
left_child=3 2 -2 4 -1 -5
right_child=1 -3 -4 5 -6 -7
leaf_value=0.016816601353787403 0.0127907531042987 0.032816278759504776 -0.011357475475549349 -0.021130786393815 0.050343395462591825 0.018399025680456607
leaf_weight=41.41630073171109 120.85816421266645 38.864722352474928 437.64332295954227 8.9971316717565077 22.081093938089907 13.966022434178738
leaf_count=655 2425 236 8079 256 305 428
internal_value=0.000318065 -0.00328374 -0.00606474 0.0240224 0.0312993 0.001902
internal_weight=683.827 597.366 558.501 86.4605 63.4974 22.9632
internal_count=12384 10740 10504 1644 960 684
is_linear=0
shrinkage=0.05


Tree=54
num_leaves=7
num_cat=0
split_feature=2 17 1 9 8 3
split_gain=22.7447 19.1134 20.6227 14.6834 24.9647 3.31764
threshold=0.56881785500000015 0.76613955713338977 0.40749760000000007 16.724588678397783 13.412295425664785 0.13637016000000005
decision_type=2 2 2 2 2 2
left_child=1 2 -1 4 -2 -3
right_child=3 5 -4 -5 -6 -7
leaf_value=-0.014857205141145675 0.0040595478077985357 -0.010024495958215607 0.017263170869461275 -0.029885724805180494 0.037138226903960729 -0.044636348071579179
leaf_weight=144.99424800788984 333.47278845775872 12.48793529300019 70.128555287141353 19.946996462065727 64.226276595145464 36.707317332271487
leaf_count=5571 3901 270 1330 463 433 416
internal_value=0.000336146 -0.0110223 -0.0042319 0.00756999 0.00979637 -0.0375858
internal_weight=681.964 264.318 215.123 417.646 397.699 49.1953
internal_count=12384 7587 6901 4797 4334 686
is_linear=0
shrinkage=0.05


Tree=55
num_leaves=7
num_cat=0
split_feature=9 1 5 2 8 6
split_gain=22.1341 21.1643 21.0702 12.0393 10.1815 5.82028
threshold=13.315293902691144 0.36893792000000009 0.55815179039201845 0.65326285000000006 11.359101326767275 0.80375730316245708
decision_type=2 2 10 2 2 8
left_child=4 3 -3 -2 5 -1
right_child=1 2 -4 -5 -6 -7
leaf_value=0.019252008022642306 -0.022196861080395883 0.02695606837137628 -0.0023804941845515749 -0.00030074955317123132 0.04003519650943059 -0.0090614020585376553
leaf_weight=39.413526394404471 161.38732501026243 77.279294481966645 236.30257344711572 101.03873944841325 37.970231711864471 26.769007322378457
leaf_count=362 6034 1120 2656 1717 268 227
internal_value=0.000300424 -0.00358284 0.00515882 -0.0139297 0.0209569 0.00796794
internal_weight=680.161 576.008 313.582 262.426 104.153 66.1825
internal_count=12384 11527 3776 7751 857 589
is_linear=0
shrinkage=0.05


Tree=56
num_leaves=7
num_cat=0
split_feature=9 1 17 5 5 18
split_gain=20.876 18.2024 20.5208 12.7192 10.2711 9.41192
threshold=14.610687787546345 0.23980792000000004 0.68121866354121818 4.845764741048959 0.70220949343838834 5.0994945750000005
decision_type=2 2 2 8 10 2
left_child=3 5 -3 4 -1 -2
right_child=1 2 -4 -5 -6 -7
leaf_value=0.017487586479192782 -0.028582390364466234 0.024268595215573032 -0.0093535137714389604 0.046518670645784417 -0.00052042715435765856 0.012284303914889171
leaf_weight=122.42914434103295 106.60849583335221 58.699355236720294 152.82393099181354 16.153164569288492 208.40055411634967 13.285990664735435
leaf_count=1517 4508 1360 2466 114 2254 165
internal_value=0.000300943 -0.00860752 0.000321839 0.00881118 0.00630489 -0.0237433
internal_weight=678.401 331.418 211.523 346.983 330.83 119.894
internal_count=12384 8499 3826 3885 3771 4673
is_linear=0
shrinkage=0.05


Tree=57
num_leaves=5
num_cat=0
split_feature=19 11 15 1
split_gain=20.3883 18.3452 21.7853 4.98453
threshold=2.2927725175000004 51.000000000000007 3.6439750500000003 0.28205607500000002
decision_type=2 2 2 2
left_child=1 3 -3 -1
right_child=-2 2 -4 -5
leaf_value=0.00022921103839423698 0.042702188122218321 -0.0090013920027867452 0.016986824868164482 0.02694039727525397
leaf_weight=24.035956584382802 22.228983413428068 478.65508527727798 92.009046491701156 59.74131320649758
leaf_count=621 144 8029 2615 975
internal_value=0.000304921 -0.00144802 -0.00470012 0.0197214
internal_weight=676.67 654.441 570.664 83.7773
internal_count=12384 12240 10644 1596
is_linear=0
shrinkage=0.05


Tree=58
num_leaves=7
num_cat=0
split_feature=9 8 0 15 13 5
split_gain=19.024 21.2411 17.7656 16.7526 13.2209 6.96928
threshold=15.524043902712657 12.706767811183967 6.3114869500000008 3.6439750500000003 0.138250123469528 0.51714851129339701
decision_type=2 2 2 2 8 10
left_child=1 3 5 -1 -3 -2
right_child=2 4 -4 -5 -6 -7
leaf_value=-0.0044261337036122193 -0.0028028565415345263 0.040638863699865323 0.014050200537900773 0.022328806838683581 0.003671616387027947 -0.029253854523194529
leaf_weight=342.09665709827095 34.553928923793137 55.133693553972989 39.894114768598229 65.369793175719678 42.26797031937167 96.071079498156905
leaf_count=5012 1303 393 460 1445 371 3400
internal_value=0.000316703 0.00520192 -0.0138835 8.48004e-05 0.0255593 -0.0226181
internal_weight=675.387 504.868 170.519 407.466 97.4017 130.625
internal_count=12384 7221 5163 6457 764 4703
is_linear=0
shrinkage=0.05


Tree=59
num_leaves=7
num_cat=0
split_feature=4 5 7 15 15 0
split_gain=18.4144 15.1593 17.5232 7.74893 11.6364 7.32968
threshold=0.39249424500000007 0.35072376702566349 17.779666633841 3.6439750500000003 3.6561032750000009 1.2499996000000002
decision_type=2 10 2 2 2 2
left_child=3 5 -3 -1 -5 -2
right_child=1 2 -4 4 -6 -7
leaf_value=-0.022383605106386272 -0.0069607024338278704 -0.00054481332258779611 0.043966313423054661 0.049178745482225929 -0.011802569361838143 0.03697020014908152
leaf_weight=102.14490639837459 10.091611564159392 471.06447276752442 18.19494229927659 5.8651076257228878 23.44643869670108 42.530467610806227
leaf_count=4672 139 5586 111 256 1206 414
internal_value=0.000313847 0.00441155 0.00153852 -0.0161201 0.00578789 0.0286724
internal_weight=673.338 541.881 489.259 131.456 29.3115 52.6221
internal_count=12384 6250 5697 6134 1462 553
is_linear=0
shrinkage=0.05


Tree=60
num_leaves=5
num_cat=0
split_feature=19 17 15 4
split_gain=18.0197 17.1608 21.0543 15.1149
threshold=2.2927725175000004 0.67071824828086302 3.6439750500000003 0.86914315000000009
decision_type=2 2 2 2
left_child=1 3 -3 -1
right_child=-2 2 -4 -5
leaf_value=-0.0023648969754200876 0.040528101637496865 -0.010841442417768323 0.014940588569513033 0.028289647233150139
leaf_weight=79.241265626158565 21.778839599341154 401.5164430080913 93.736654213629663 75.182627117261291
leaf_count=2233 144 6668 2615 724
internal_value=0.000328729 -0.00131809 -0.00586111 0.0129787
internal_weight=671.456 649.677 495.253 154.424
internal_count=12384 12240 9283 2957
is_linear=0
shrinkage=0.05


Tree=61
num_leaves=7
num_cat=0
split_feature=9 3 0 13 12 18
split_gain=17.5483 17.632 19.6653 17.249 8.74477 9.33071
threshold=13.315293902691144 0.82078817500000012 3.6594280000000006 0.28742569253478573 0.50620049116207999 7.4022986000000008
decision_type=2 2 2 10 2 2
left_child=4 2 -2 -3 -1 -6
right_child=1 3 -4 -5 5 -7
leaf_value=0.03321057394543292 -0.019837914845138901 0.01940423498326932 0.0023888697625607134 -0.014487748607035892 -0.008934404882579185 0.031561828937227115
leaf_weight=48.389594944193959 199.32641008449718 126.11822948465124 192.12592817703262 48.414347279351205 39.476862782612443 16.030155539512634
leaf_count=407 6637 1144 3361 385 324 126
internal_value=0.000336901 -0.00317365 -0.0090364 0.00986114 0.0187285 0.0044024
internal_weight=669.882 565.985 391.452 174.533 103.897 55.507
internal_count=12384 11527 9998 1529 857 450
is_linear=0
shrinkage=0.05


Tree=62
num_leaves=7
num_cat=0
split_feature=9 1 8 0 5 0
split_gain=16.5574 17.0459 20.0649 10.8547 13.1623 7.76943
threshold=14.456984083209996 0.23046316500000003 13.035831974411561 19.779228000000003 0.5758572498042106 4.3225520000000008
decision_type=2 2 2 2 10 2
left_child=3 5 -3 4 -1 -2
right_child=1 2 -4 -5 -6 -7
leaf_value=0.021866757027169156 -0.030307618679474436 -0.009956580264642417 0.019843622357274729 0.037307593112539443 -0.0013008176708177316 -0.0032248426743666718
leaf_weight=81.956338403746486 81.07930703042075 149.4509755554609 84.067577085457742 25.070767000317574 206.1226453226991 40.124146370217204
leaf_count=916 3797 3188 1028 184 2248 1023
internal_value=0.0003328 -0.00701863 0.000962692 0.00863961 0.00555079 -0.0218249
internal_weight=667.872 354.722 233.519 313.15 288.079 121.203
internal_count=12384 9036 4216 3348 3164 4820
is_linear=0
shrinkage=0.05


Tree=63
num_leaves=7
num_cat=0
split_feature=9 5 7 5 0 3
split_gain=16.0151 17.5449 25.0257 16.6998 12.3419 6.54859
threshold=15.582643405868449 0.5758572498042106 14.604328148749799 1.5213514764430551 6.3114869500000008 0.87258632500000011
decision_type=2 10 2 10 2 2
left_child=1 2 -1 -3 5 -2
right_child=4 3 -4 -5 -6 -7
leaf_value=0.0088693499596025731 -0.026614476612524602 -0.0082075838382963343 0.062059008426161792 0.014598392303920432 0.010531820549201721 0.0026864036505583216
leaf_weight=120.15921935532242 95.831801601219922 256.36462294170633 22.791752030141652 110.87967782001942 37.447743381839246 22.451536985114217
leaf_count=1943 4173 4458 240 825 444 301
internal_value=0.000325679 0.00462212 0.0191605 -0.00121833 -0.0134559 -0.0211694
internal_weight=665.926 510.195 142.951 367.244 155.731 118.283
internal_count=12384 7466 2183 5283 4918 4474
is_linear=0
shrinkage=0.05


Tree=64
num_leaves=7
num_cat=0
split_feature=11 9 1 0 7 9
split_gain=15.7417 16.1721 18.089 10.6575 5.06627 5.47627
threshold=51.000000000000007 14.431533576001252 0.54624532000000015 19.779228000000003 14.250693822224809 15.508803852804094
decision_type=2 2 2 2 2 2
left_child=4 3 -3 -2 5 -1
right_child=1 2 -4 -5 -6 -7
leaf_value=0.018635433617106505 0.0028883965506423656 -0.019366947155075521 0.0053074851637604451 0.035802646287900398 0.040514900612737867 -0.012398827550134372
leaf_weight=55.706233456730843 241.25185868050903 197.37057904247195 114.53292524116114 22.545933168381453 17.741850511170924 14.725012614391742
leaf_count=850 2591 6797 1205 147 334 460
internal_value=0.000329977 -0.00273358 -0.0103656 0.00631512 0.0194059 0.0117553
internal_weight=663.874 575.701 311.904 263.798 88.1731 70.4312
internal_count=12384 10740 8002 2738 1644 1310
is_linear=0
shrinkage=0.05


Tree=65
num_leaves=4
num_cat=0
split_feature=19 9 17
split_gain=15.232 15.767 17.4633
threshold=2.2927725175000004 12.701413476190341 0.67071824828086302
decision_type=2 2 2
left_child=1 -1 -3
right_child=-2 2 -4
leaf_value=0.037638158734796014 0.037807461836172084 0.011874705357535785 -0.0074588914959319713
leaf_weight=20.167526198551059 21.068153399974108 149.99058980401605 470.63453424815089
leaf_count=144 144 2927 9169
internal_value=0.000338288 -0.00117682 -0.00272885
internal_weight=661.861 640.793 620.625
internal_count=12384 12240 12096
is_linear=0
shrinkage=0.05


Tree=66
num_leaves=7
num_cat=0
split_feature=2 17 1 9 8 4
split_gain=14.4896 17.8019 13.6254 12.3716 18.8021 4.2441
threshold=0.56881785500000015 0.76403929330843834 0.40749760000000007 16.724588678397783 13.532208076124618 0.22789797000000003
decision_type=2 2 2 2 2 2
left_child=1 2 -1 4 -2 -3
right_child=3 5 -4 -5 -6 -7
leaf_value=-0.011697767981233453 0.0034062827658336032 0.0025368889274556936 0.014762624011121276 -0.029004739371425239 0.033497945566639223 -0.040555388028202931
leaf_weight=131.8888455121778 336.20332612190396 5.8862231234088531 70.568900431971997 18.935290897265077 56.725379788782448 40.472167877014726
leaf_count=5475 3959 253 1315 463 375 544
internal_value=0.000350692 -0.00907044 -0.00234119 0.00608273 0.0081168 -0.0353696
internal_weight=660.68 248.816 202.458 411.864 392.929 46.3584
internal_count=12384 7587 6790 4797 4334 797
is_linear=0
shrinkage=0.05


Tree=67
num_leaves=4
num_cat=0
split_feature=19 9 17
split_gain=13.6743 14.3077 15.5132
threshold=2.2927725175000004 12.701413476190341 0.67071824828086302
decision_type=2 2 2
left_child=1 -1 -3
right_child=-2 2 -4
leaf_value=0.035687343981026111 0.036074720061388586 0.011093789910180746 -0.0071011496142630894
leaf_weight=20.39651346206665 20.710559563711286 151.00088746892288 467.03030334925279
leaf_count=144 144 2927 9169
internal_value=0.000319992 -0.00111121 -0.0026023
internal_weight=659.138 638.428 618.031
internal_count=12384 12240 12096
is_linear=0
shrinkage=0.05


Tree=68
num_leaves=5
num_cat=0
split_feature=7 9 5 19
split_gain=13.2256 17.926 16.5125 6.52799
threshold=17.779666633841 15.524043902712657 0.5758572498042106 1.2497867500000004
decision_type=2 2 10 2
left_child=1 2 -1 -3
right_child=-2 3 -4 -5
leaf_value=0.017748531685739432 0.037879177553381133 -0.017779215548375134 -0.0022260369247927283 0.027870388088204252
leaf_weight=141.81944514624774 17.655070703476667 147.28954188898206 347.33815734880045 3.8993802517652503
leaf_count=2112 144 5069 5043 16
internal_value=0.000331987 -0.00098869 0.00368609 -0.0157473
internal_weight=658.002 640.347 489.158 151.189
internal_count=12384 12240 7155 5085
is_linear=0
shrinkage=0.05


Tree=69
num_leaves=7
num_cat=0
split_feature=10 15 2 10 1 19
split_gain=13.1938 16.6176 18.0659 9.15325 7.59363 4.39656
threshold=10.894088516666669 3.6439750500000003 0.59563885000000016 20.769872150000005 0.26674933500000003 1.0172551575000002
decision_type=2 2 2 2 2 2
left_child=4 2 -2 -3 5 -1
right_child=1 3 -4 -5 -6 -7
leaf_value=-0.0094183427147202167 -0.018189675990239074 0.054676894247513742 0.0015359496283490802 0.0090904196712561555 0.023976146938574788 0.028951427460456914
leaf_weight=35.023657254409045 182.96766688348725 10.83521707728505 301.65773663157597 45.424661998637021 76.651431804057211 4.2064776495099059
leaf_count=1706 5028 559 2732 622 1688 49
internal_value=0.0003376 -0.00297472 -0.00602105 0.0216161 0.0152817 -0.00249639
internal_weight=656.767 540.885 484.625 56.2599 115.882 39.2301
internal_count=12384 8941 7760 1181 3443 1755
is_linear=0
shrinkage=0.05


Tree=70
num_leaves=7
num_cat=0
split_feature=18 5 10 0 0 4
split_gain=12.5785 15.0458 13.9105 13.6028 9.65252 7.34516
threshold=-1.1379578250000002 0.35072376702566349 34.262343691666672 19.779228000000003 1.0000000180025095e-35 0.56614033500000016
decision_type=2 10 2 2 2 2
left_child=2 5 4 -3 -1 -2
right_child=1 3 -4 -5 -6 -7
leaf_value=0.042495697014298291 -0.0079349855762167031 -0.0016480948026469763 -0.043111267203205544 0.028592403145676445 -0.0091905506079359173 0.037253422961351076
leaf_weight=5.1528831450268617 9.3345193262211961 460.93419661512598 26.346883855760098 35.416231581941247 79.072033868171275 39.324025109410286
leaf_count=162 255 7738 382 242 3282 323
internal_value=0.000352043 0.00350025 -0.0146456 0.000773298 -0.00382421 0.028653
internal_weight=655.581 545.009 110.572 496.35 84.2249 48.6585
internal_count=12384 8558 3826 7980 3444 578
is_linear=0
shrinkage=0.05


Tree=71
num_leaves=5
num_cat=0
split_feature=5 5 10 6
split_gain=12.1927 14.0388 18.3811 13.7334
threshold=4.845764741048959 0.52248343662572905 20.529755891666671 0.73617175560765402
decision_type=10 10 2 10
left_child=1 3 -3 -1
right_child=-2 2 -4 -5
leaf_value=0.017518382402812168 0.041490620898760822 0.0092605467492924819 -0.011415920819595988 -0.025882079745017762
leaf_weight=136.81514524901286 12.532040441408752 152.67763073090464 335.46666235360317 16.42151549551636
leaf_count=2723 96 4730 4498 337
internal_value=0.000350265 -0.00076831 -0.00492059 0.0121965
internal_weight=653.913 641.381 488.144 153.237
internal_count=12384 12288 9228 3060
is_linear=0
shrinkage=0.05


Tree=72
num_leaves=5
num_cat=0
split_feature=9 2 10 1
split_gain=11.9919 14.9775 14.4342 7.92401
threshold=12.701413476190341 2.2683642000000006 20.529755891666671 0.68540228000000014
decision_type=2 2 2 2
left_child=-1 2 -2 -3
right_child=1 3 -4 -5
leaf_value=0.032391763478753673 0.0071978249701727939 0.035238646982606203 -0.010384940966689777 0.0061767493206454915
leaf_weight=22.953158468008041 169.50858526816592 29.969332918524742 350.6698040170595 80.043407286517322
leaf_count=154 6131 228 5420 451
internal_value=0.000342612 -0.00107049 -0.00464133 0.0152815
internal_weight=653.144 630.191 520.178 110.013
internal_count=12384 12230 11551 679
is_linear=0
shrinkage=0.05


Tree=73
num_leaves=4
num_cat=0
split_feature=19 9 17
split_gain=11.682 11.7356 12.9755
threshold=2.2927725175000004 12.701413476190341 0.67071824828086302
decision_type=2 2 2
left_child=1 -1 -3
right_child=-2 2 -4
leaf_value=0.032099651254489402 0.033827473052833852 0.010129596220392625 -0.0065230089516140587
leaf_weight=20.767308009788394 20.069716623052955 151.52463155146688 459.52662498690188
leaf_count=144 144 2927 9169
internal_value=0.000351029 -0.000969599 -0.0023449
internal_weight=651.888 631.819 611.051
internal_count=12384 12240 12096
is_linear=0
shrinkage=0.05


Tree=74
num_leaves=5
num_cat=0
split_feature=7 9 5 19
split_gain=11.4187 15.5421 13.224 6.15179
threshold=17.779666633841 15.524043902712657 0.5758572498042106 1.2497867500000004
decision_type=2 2 10 2
left_child=1 2 -1 -3
right_child=-2 3 -4 -5
leaf_value=0.01594732376728215 0.035786015304001474 -0.016845353447995117 -0.0018963355872914983 0.027440834993720582
leaf_weight=143.31889447337016 16.986208949238062 143.38534355745651 343.26952837547287 3.8852973096072665
leaf_count=2112 144 5069 5043 16
internal_value=0.000359641 -0.000862366 0.00346805 -0.0148143
internal_weight=650.845 633.859 486.588 147.271
internal_count=12384 12240 7155 5085
is_linear=0
shrinkage=0.05


Tree=75
num_leaves=7
num_cat=0
split_feature=18 17 16 9 18 10
split_gain=11.2884 17.2863 15.4631 13.8937 13.0912 8.85052
threshold=-0.76624862499999991 0.63586563336475954 0.32058473000000004 16.911461505640101 23.084494325000005 26.955751791666671
decision_type=2 2 2 2 2 2
left_child=1 -1 4 -4 -2 -3
right_child=2 5 3 -5 -6 -7
leaf_value=0.037572788685249832 -0.013241696596954273 -0.0054076164000437695 0.01162059493882509 -0.031096725305411674 0.040395914519000674 -0.031939117035613931
leaf_weight=11.117042174097149 144.30126107810065 71.263823844958097 345.11161416536197 15.396326017100362 7.4882837794721118 55.020664154086262
leaf_count=309 2418 3343 4884 440 32 958
internal_value=0.000363327 -0.0121056 0.00379225 0.00939582 -0.00939174 -0.0177432
internal_weight=649.699 137.402 512.297 360.508 151.79 126.284
internal_count=12384 4610 7774 5324 2450 4301
is_linear=0
shrinkage=0.05


Tree=76
num_leaves=7
num_cat=0
split_feature=1 8 9 5 8 15
split_gain=10.8781 13.7575 15.1046 13.947 12.2265 17.4774
threshold=0.33222582000000006 13.035831974411561 16.724588678397783 0.62114662084831729 10.764658814816267 2.4635679000000006
decision_type=2 2 2 10 2 2
left_child=4 3 -3 -2 5 -1
right_child=1 2 -4 -5 -6 -7
leaf_value=0.036003263355409203 0.013974344791240543 0.030222595669398711 -0.017836464689556415 -0.0080635332567022527 -0.015028294108914939 -0.0093350846230446476
leaf_weight=29.113193043507636 109.03232336696237 79.744298231322318 16.73108558030799 188.81906538410112 172.73151981062256 52.444618066307157
leaf_count=385 1466 628 360 2325 5531 1689
internal_value=0.000344517 0.00551991 0.0214198 0.00010124 -0.00763265 0.00799392
internal_weight=648.616 394.327 96.4754 297.851 254.289 81.5578
internal_count=12384 4779 988 3791 7605 2074
is_linear=0
shrinkage=0.05


Tree=77
num_leaves=5
num_cat=0
split_feature=5 5 10 6
split_gain=10.5079 10.938 14.7042 12.4229
threshold=4.845764741048959 0.52248343662572905 20.529755891666671 0.73617175560765402
decision_type=10 10 2 10
left_child=1 3 -3 -1
right_child=-2 2 -4 -5
leaf_value=0.015651333185876509 0.039390346619694906 0.0081665968109442873 -0.010362631342139409 -0.025748954049603947
leaf_weight=138.68438475951552 11.781492276117204 153.62319573247805 327.11525950115174 16.156812390778214
leaf_count=2723 96 4730 4498 337
internal_value=0.00033561 -0.00069014 -0.00441838 0.0106611
internal_weight=647.361 635.58 480.738 154.841
internal_count=12384 12288 9228 3060
is_linear=0
shrinkage=0.05


Tree=78
num_leaves=7
num_cat=0
split_feature=18 10 9 7 0 17
split_gain=10.2597 12.8472 11.7912 13.9958 8.86684 2.90175
threshold=-1.1379578250000002 34.262343691666672 16.724588678397783 16.674330936571469 1.0000000180025095e-35 0.72418086493669276
decision_type=2 2 2 2 2 2
left_child=1 4 3 -2 -1 -4
right_child=2 -3 5 -5 -6 -7
leaf_value=0.040699524000442876 0.0025716839446165126 -0.042107883546439802 -0.0067459167611322625 0.033906559634267273 -0.0085242035612653217 -0.040517670111351517
leaf_weight=5.3142255414277306 479.83111816924065 24.036760133691132 13.785224809311332 33.605178784579039 77.588716733269393 12.489343723515047
leaf_count=162 7451 382 562 224 3282 321
internal_value=0.000327714 -0.0134617 0.00315846 0.00492983 -0.00323333 -0.0267102
internal_weight=646.651 106.94 539.711 513.436 82.9029 26.2746
internal_count=12384 3826 8558 7675 3444 883
is_linear=0
shrinkage=0.05


Tree=79
num_leaves=5
num_cat=0
split_feature=19 15 15 17
split_gain=10.1213 10.4048 31.7766 15.0759
threshold=2.2927725175000004 3.6439750500000003 3.6464923500000004 0.67071824828086302
decision_type=2 2 2 2
left_child=1 3 -3 -1
right_child=-2 2 -4 -5
leaf_value=0.0092608747357162732 0.031890860643317413 0.10355020421047514 0.0047149341770992143 -0.0089891903456623418
leaf_weight=155.95546141499653 19.40953485108912 4.0313715669326475 87.791936442721635 378.30631278897636
leaf_count=2957 144 187 2428 6668
internal_value=0.0003015 -0.000922723 0.0141775 -0.00362537
internal_weight=645.495 626.085 91.8233 534.262
internal_count=12384 12240 2615 9625
is_linear=0
shrinkage=0.05


Tree=80
num_leaves=7
num_cat=0
split_feature=1 14 10 8 15 10
split_gain=9.79261 12.5716 13.9904 11.137 15.5975 11.0539
threshold=0.33222582000000006 1.0000000180025095e-35 23.612594475000002 10.764658814816267 2.4635679000000006 32.905874808333337
decision_type=2 2 2 2 2 2
left_child=3 2 -2 4 -1 -5
right_child=1 -3 -4 5 -6 -7
leaf_value=0.033572829588243973 0.011137789037825812 0.015911626015517401 -0.012912482014259354 -0.0061866811434571336 -0.0090172945451015805 -0.034320326005928145
leaf_weight=29.892634149640799 105.09622607240453 158.19338531186804 129.33469311753288 124.73441886971705 52.017573786899447 45.19934135582298
leaf_count=385 1981 1719 1079 4772 1689 759
internal_value=0.000338928 0.00525196 -0.00212323 -0.00727361 0.00756298 -0.0144368
internal_weight=644.468 392.624 234.431 251.844 81.9102 169.934
internal_count=12384 4779 3060 7605 2074 5531
is_linear=0
shrinkage=0.05


Tree=81
num_leaves=7
num_cat=0
split_feature=2 17 9 8 1 4
split_gain=9.38405 11.7888 10.6872 14.6107 10.5598 4.92952
threshold=0.50252173000000011 0.76403929330843834 16.724588678397783 13.169000423032113 0.62445490000000003 0.21058171000000001
decision_type=2 2 2 2 2 2
left_child=1 4 3 -2 -1 -3
right_child=2 5 -4 -5 -6 -7
leaf_value=-0.0087822557197192019 0.00168083161120057 0.0085753322018435694 -0.027970564493188334 0.025121396013475385 0.019194998634681659 -0.037939334382492119
leaf_weight=140.63246830855496 329.15692616812885 4.7880267910659304 18.95754831796512 78.570227218791842 38.951359788421541 32.788346356712282
leaf_count=5814 4140 219 542 635 511 523
internal_value=0.00031732 -0.00803503 0.00461206 0.00644751 -0.00235847 -0.0317014
internal_weight=643.845 217.16 426.685 407.727 179.584 37.5764
internal_count=12384 7067 5317 4775 6325 742
is_linear=0
shrinkage=0.05


Tree=82
num_leaves=5
num_cat=0
split_feature=9 2 17 2
split_gain=9.21953 11.0364 10.1542 7.87974
threshold=12.701413476190341 2.2683642000000006 0.72418086493669276 3.3597735500000003
decision_type=2 2 2 2
left_child=-1 2 -2 -3
right_child=1 3 -4 -5
leaf_value=0.028286106756788738 0.0026559482002836564 0.024931733531351738 -0.011356186262187165 -0.0013098158527456011
leaf_weight=23.137794019654393 266.08327354025096 58.031013178639114 243.73655217210762 51.509412195533514
leaf_count=154 7032 370 4519 309
internal_value=0.00029135 -0.000972612 -0.00408826 0.0130736
internal_weight=642.498 619.36 509.82 109.54
internal_count=12384 12230 11551 679
is_linear=0
shrinkage=0.05


Tree=83
num_leaves=5
num_cat=0
split_feature=7 9 7 19
split_gain=9.02762 12.4214 10.4694 5.47304
threshold=17.779666633841 15.524043902712657 13.728016759921115 1.2497867500000004
decision_type=2 2 2 2
left_child=1 2 -1 -3
right_child=-2 3 -4 -5
leaf_value=-0.0037899650957502898 0.032650803600317871 -0.015524208234321855 0.010813474905525889 0.026170679660996454
leaf_weight=258.44663025345653 15.861848424654452 137.97243993962184 225.53365274844691 3.9010417126119128
leaf_count=3442 144 5069 3713 16
internal_value=0.000292222 -0.000780167 0.00305619 -0.0135258
internal_weight=641.716 625.854 483.98 141.873
internal_count=12384 12240 7155 5085
is_linear=0
shrinkage=0.05


Tree=84
num_leaves=5
num_cat=0
split_feature=19 15 15 17
split_gain=8.79362 9.79264 29.2337 12.7882
threshold=2.2927725175000004 3.6439750500000003 3.6464923500000004 0.67071824828086302
decision_type=2 2 2 2
left_child=1 3 -3 -1
right_child=-2 2 -4 -5
leaf_value=0.0083265155969491998 0.030042334364711501 0.098160688304962038 0.0045727899515845541 -0.0084904901085876335
leaf_weight=156.71019200235605 18.928052648901939 4.2976482938975087 87.408128585200757 373.00359482504427
leaf_count=2957 144 187 2428 6668
internal_value=0.000296162 -0.000842449 0.0138071 -0.00348402
internal_weight=640.348 621.42 91.7058 529.714
internal_count=12384 12240 2615 9625
is_linear=0
shrinkage=0.05


Tree=85
num_leaves=7
num_cat=0
split_feature=18 10 5 9 0 18
split_gain=8.64724 11.9868 10.353 9.84253 8.36106 6.32184
threshold=-1.1379578250000002 34.262343691666672 0.34510225016884427 14.55687198281481 0.61391550000000017 0.67105460000000028
decision_type=2 2 10 2 2 2
left_child=1 4 5 -4 -1 -2
right_child=2 -3 3 -5 -6 -7
leaf_value=0.013549494034204294 0.04474079971278714 -0.041255588522570261 0.0073680343807742384 -0.0066960368261169897 -0.01671164979358581 0.007656323435349748
leaf_weight=37.783259842544794 17.009378422982991 22.246039559133351 255.89006171235815 232.82599162263796 44.116357158171013 29.515281292144209
leaf_count=1296 250 382 2689 5324 2148 295
internal_value=0.000331412 -0.0125078 0.00292228 0.000667905 -0.00277474 0.0242404
internal_weight=639.386 104.146 535.241 488.716 81.8996 46.5247
internal_count=12384 3826 8558 8013 3444 545
is_linear=0
shrinkage=0.05


Tree=86
num_leaves=5
num_cat=0
split_feature=5 5 7 2
split_gain=8.49618 9.48023 11.8971 11.7952
threshold=4.845764741048959 0.52248343662572905 14.604328148749799 0.55575496000000013
decision_type=10 10 2 2
left_child=1 2 -1 -3
right_child=-2 3 -4 -5
leaf_value=0.0023695196092641414 0.036479057238533688 -0.014695624145327013 0.034834673750468878 0.0016913898470395266
leaf_weight=122.76636106334627 10.842687435448168 164.81783042941242 31.973752729129046 308.27085368870758
leaf_count=2145 96 5614 915 3614
internal_value=0.00031526 -0.000592581 0.00995813 -0.00411161
internal_weight=638.671 627.829 154.74 473.089
internal_count=12384 12288 3060 9228
is_linear=0
shrinkage=0.05


Tree=87
num_leaves=5
num_cat=0
split_feature=0 5 6 10
split_gain=8.29446 8.29945 11.6915 11.486
threshold=30.873909000000005 0.52248343662572905 0.73617175560765402 20.529755891666671
decision_type=2 10 10 2
left_child=1 2 -1 -3
right_child=-2 3 -4 -5
leaf_value=0.014118387816941275 0.037549136934004294 0.007219305888450195 -0.026568857096070975 -0.0091988873370473807
leaf_weight=139.02014555549249 9.623210793361066 154.26862015551887 15.455791027285157 319.1491400084924
leaf_count=2714 90 4739 336 4505
internal_value=0.000322064 -0.000540624 0.00934213 -0.00382929
internal_weight=637.517 627.894 154.476 473.418
internal_count=12384 12294 3050 9244
is_linear=0
shrinkage=0.05


Tree=88
num_leaves=5
num_cat=0
split_feature=9 1 14 19
split_gain=8.19375 9.32627 11.986 8.72266
threshold=12.701413476190341 0.33222582000000006 1.0000000180025095e-35 1.1624705750000002
decision_type=2 2 2 2
left_child=-1 3 -3 -2
right_child=1 2 -4 -5
leaf_value=0.02670459561094405 -0.01105318491209523 -0.0033589351674349482 0.014586949272320588 0.02519657617424086
leaf_weight=23.127979019656777 223.99214574927464 224.43580380268395 152.20505515951663 13.209292845800517
leaf_count=154 7447 3006 1681 96
internal_value=0.00031364 -0.000888431 0.00398931 -0.00855602
internal_weight=636.97 613.842 376.641 237.201
internal_count=12384 12230 4687 7543
is_linear=0
shrinkage=0.05


Tree=89
num_leaves=7
num_cat=0
split_feature=15 15 16 7 0 9
split_gain=8.20752 26.7661 15.1692 14.7175 11.76 7.91102
threshold=3.6439750500000003 3.6464923500000004 0.43784594500000001 13.945104766175875 24.152875000000005 15.569085643495617
decision_type=2 2 2 2 2 2
left_child=2 -2 4 -4 -1 -3
right_child=1 5 3 -5 -6 -7
leaf_value=-0.013344818217887446 0.093253687868453644 0.012075581704624312 -0.0021514820364849775 0.021466946836594378 0.032616928516310588 -0.022337576449234803
leaf_weight=242.54445361811668 4.5492628435604265 71.574072374030948 197.08180875750259 93.548738019075245 10.05739916115999 16.507871214300394
leaf_count=6216 187 1486 2261 1210 57 967
internal_value=0.000317076 0.0136713 -0.00206399 0.00568536 -0.0109173 0.0047726
internal_weight=635.864 92.6312 543.232 290.631 252.602 88.0819
internal_count=12384 2640 9744 3471 6273 2453
is_linear=0
shrinkage=0.05


Tree=90
num_leaves=5
num_cat=0
split_feature=7 9 7 5
split_gain=7.74492 10.7265 9.14491 5.24294
threshold=17.779666633841 15.524043902712657 13.728016759921115 1.047423619700999
decision_type=2 2 2 10
left_child=1 2 -1 -3
right_child=-2 3 -4 -5
leaf_value=-0.0035246271553413967 0.030834721421969708 -0.01766248822352175 0.010164746774290684 0.0049458722625866265
leaf_weight=256.17162098921835 15.174756764434276 107.79362474521622 224.72901525348425 30.765509171877056
leaf_count=3442 144 4601 3713 484
internal_value=0.000346078 -0.000641706 0.0029113 -0.0126451
internal_weight=634.635 619.46 480.901 138.559
internal_count=12384 12240 7155 5085
is_linear=0
shrinkage=0.05


Tree=91
num_leaves=6
num_cat=0
split_feature=3 17 5 0 8
split_gain=7.50502 12.8728 10.5376 10.1128 5.76973
threshold=1.3123885000000002 0.85178380431230327 0.19843545606579735 12.956021500000002 12.762096629149617
decision_type=2 2 10 2 2
left_child=2 4 -1 -4 -2
right_child=1 -3 3 -5 -6
leaf_value=0.032403375100178711 -0.0065583082368415556 0.040103021521475476 -0.0065042785210454286 0.015036143891797424 0.016743059999653934
leaf_weight=15.906847696751354 64.532604609616101 24.466217651963234 432.96255505620502 57.437667137011886 38.13362880051136
leaf_count=136 529 34 10979 363 343
internal_value=0.000337543 0.0109576 -0.00241021 -0.00385508 0.0024722
internal_weight=633.44 127.132 506.307 490.4 102.666
internal_count=12384 906 11478 11342 872
is_linear=0
shrinkage=0.05


Tree=92
num_leaves=7
num_cat=0
split_feature=15 15 16 7 0 9
split_gain=7.42783 24.8351 13.9308 12.8995 10.5435 7.52383
threshold=3.6439750500000003 3.6464923500000004 0.43784594500000001 14.717412829971321 24.152875000000005 14.152551358860853
decision_type=2 2 2 2 2 2
left_child=2 -2 4 -4 -1 -3
right_child=1 5 3 -5 -6 -7
leaf_value=-0.012802212517132143 0.088606283685294315 0.019346844643234957 0.00022512958603202013 0.026291706938028698 0.03099720439380628 -0.0085388013518715115
leaf_weight=239.30661061662249 4.7992852954193941 39.609165034256876 235.45314249768853 54.472316723316908 9.8750288188457471 48.403229405405
leaf_count=6216 187 606 2903 568 57 1847
internal_value=0.000355628 0.0130386 -0.0019276 0.00548532 -0.0104908 0.00437627
internal_weight=631.919 92.8117 539.107 289.925 249.182 88.0124
internal_count=12384 2640 9744 3471 6273 2453
is_linear=0
shrinkage=0.05


Tree=93
num_leaves=4
num_cat=0
split_feature=9 19 15
split_gain=7.40328 8.01802 8.23455
threshold=12.701413476190341 2.2927725175000004 3.6439750500000003
decision_type=2 2 2
left_child=-1 2 -2
right_child=1 -3 -4
leaf_value=0.025487743537148989 -0.0043364979593017994 0.029569230754619237 0.011754462663539668
leaf_weight=23.094320146366954 502.01082824147306 16.057357934303582 89.386274976655841
leaf_count=154 9514 134 2582
internal_value=0.000392604 -0.000761757 -0.00182629
internal_weight=630.549 607.454 591.397
internal_count=12384 12230 12096
is_linear=0
shrinkage=0.05


Tree=94
num_leaves=7
num_cat=0
split_feature=18 10 9 7 0 17
split_gain=7.08825 11.5613 9.70122 10.1764 8.00649 2.83281
threshold=-1.1379578250000002 34.262343691666672 16.724588678397783 16.674330936571469 1.0000000180025095e-35 0.72418086493669276
decision_type=2 2 2 2 2 2
left_child=1 4 3 -2 -1 -4
right_child=2 -3 5 -5 -6 -7
leaf_value=0.039442145128098932 0.0023387385016765284 -0.040508220000770319 -0.0056462769052935098 0.02971447898596425 -0.0071943623193044832 -0.039346170232239866
leaf_weight=5.4118731198832384 472.37862748117186 20.838519939221442 13.308945798780771 31.689804296474904 74.864733138820156 11.275453454582019
leaf_count=162 7451 382 562 224 3282 321
internal_value=0.000397541 -0.0114082 0.00274135 0.00433475 -0.00192209 -0.0251401
internal_weight=629.768 101.115 528.653 504.068 80.2766 24.5844
internal_count=12384 3826 8558 7675 3444 883
is_linear=0
shrinkage=0.05


Tree=95
num_leaves=7
num_cat=0
split_feature=5 18 7 7 5 9
split_gain=7.06323 10.5353 12.6552 10.2801 11.5815 8.36084
threshold=0.52248343662572905 -0.34743767499999983 12.4526055944314 14.604328148749799 0.50331874702651669 15.716543162929865
decision_type=10 2 2 2 10 2
left_child=3 -2 -3 4 -1 -5
right_child=1 2 -4 5 -6 -7
leaf_value=-0.0033178609757144803 -0.015933508514236132 0.029151710813986688 -0.0016014668686213573 0.049530324592805444 0.041299116017645889 -0.00062438434900512446
leaf_weight=110.36564462073147 109.03063520835713 32.131876423954964 333.73697342979722 19.542066087480638 11.661176314111797 12.376578996190799
leaf_count=1927 3892 274 5158 194 218 721
internal_value=0.000367795 -0.00266082 0.00145599 0.00950044 0.00240362 0.0326319
internal_weight=628.845 474.899 365.869 153.945 122.027 31.9186
internal_count=12384 9324 5432 3060 2145 915
is_linear=0
shrinkage=0.05


Tree=96
num_leaves=5
num_cat=0
split_feature=5 5 10 6
split_gain=6.7835 7.98854 9.83073 8.00057
threshold=4.845764741048959 0.5758572498042106 20.529755891666671 0.73617175560765402
decision_type=10 10 2 10
left_child=1 3 -3 -1
right_child=-2 2 -4 -5
leaf_value=0.012112840184323787 0.033730942480505149 0.0065302334010735432 -0.009408172691724977 -0.015886638695758393
leaf_weight=163.72196516464464 9.8944143634289485 140.04943929542787 288.61893605953082 25.613968578865752
leaf_count=3474 96 4212 4036 566
internal_value=0.000386382 -0.000413901 -0.00418571 0.0080137
internal_weight=627.899 618.004 428.668 189.336
internal_count=12384 12288 8248 4040
is_linear=0
shrinkage=0.05


Tree=97
num_leaves=5
num_cat=0
split_feature=9 1 6 14
split_gain=6.60166 7.15087 9.85601 9.7108
threshold=12.537349985924511 0.33222582000000006 0.22605036204128257 1.0000000180025095e-35
decision_type=2 2 8 2
left_child=-1 2 -2 -3
right_child=1 3 -4 -5
leaf_value=0.037449998123562984 0.019261602506773182 -0.0027345661365320672 -0.010742125784700102 0.013270133597747822
leaf_weight=6.7846411876380435 26.692953314399347 226.33107642619871 211.22275906102732 156.39582415018231
leaf_count=51 812 3041 6775 1705
internal_value=0.000376729 -0.000324596 -0.00704868 0.00389231
internal_weight=627.427 620.643 237.916 382.727
internal_count=12384 12333 7587 4746
is_linear=0
shrinkage=0.05


Tree=98
num_leaves=5
num_cat=0
split_feature=0 5 10 6
split_gain=6.53585 6.83117 9.24867 7.48762
threshold=30.873909000000005 0.5758572498042106 20.529755891666671 0.73617175560765402
decision_type=2 10 2 10
left_child=1 3 -3 -1
right_child=-2 2 -4 -5
leaf_value=0.011337923188879509 0.034375641211999541 0.0065012680411818437 -0.0089456988055520593 -0.015938305772791751
leaf_weight=164.33434963971376 8.8285724055021984 140.44157112459652 288.15246776863933 25.048962879227474
leaf_count=3465 90 4221 4043 565
internal_value=0.000378973 -0.000378712 -0.00386744 0.00741303
internal_weight=626.806 617.977 428.594 189.383
internal_count=12384 12294 8264 4030
is_linear=0
shrinkage=0.05


Tree=99
num_leaves=5
num_cat=0
split_feature=9 2 2 17
split_gain=6.30347 7.25829 8.85152 7.62341
threshold=12.701413476190341 2.3472937000000003 3.3597735500000003 0.72418086493669276
decision_type=2 2 2 2
left_child=-1 3 -3 -2
right_child=1 2 -4 -5
leaf_value=0.023484220526527988 0.0026268759078931702 0.024655780889095678 -0.0037987973770063511 -0.0096213825273928147
leaf_weight=23.183411180973053 264.04798638471402 51.892618700861931 50.368382399901748 236.90805623331107
leaf_count=154 7059 328 309 4534
internal_value=0.00036986 -0.000704248 0.0111168 -0.00320331
internal_weight=626.4 603.217 102.261 500.956
internal_count=12384 12230 637 11593
is_linear=0
shrinkage=0.05


Tree=100
num_leaves=7
num_cat=0
split_feature=15 15 16 7 0 9
split_gain=6.29686 22.7084 12.23 12.0978 9.34409 6.50579
threshold=3.6439750500000003 3.6464923500000004 0.43784594500000001 13.945104766175875 24.152875000000005 14.152551358860853
decision_type=2 2 2 2 2 2
left_child=2 -2 4 -4 -1 -3
right_child=1 5 3 -5 -6 -7
leaf_value=-0.012082711074569437 0.082997645815650251 0.01746709373032793 -0.0019687715154136317 0.019511387492150024 0.029499649581812133 -0.0084517155094339814
leaf_weight=234.82150815939531 5.1178996162489048 39.954072162508965 195.3471450698562 93.057628807611763 9.628154840320347 47.910442936467007
leaf_count=6216 187 606 2261 1210 57 1847
internal_value=0.000365275 0.0120205 -0.00176138 0.00517648 -0.00988644 0.00364007
internal_weight=625.837 92.9824 532.854 288.405 244.45 87.8645
internal_count=12384 2640 9744 3471 6273 2453
is_linear=0
shrinkage=0.05


Tree=101
num_leaves=7
num_cat=0
split_feature=9 7 5 7 17 9
split_gain=6.26177 8.99723 18.5224 8.74402 11.8284 8.68151
threshold=15.582643405868449 13.728016759921115 0.54501268011448023 16.486582484733322 0.72418086493669276 14.431533576001252
decision_type=2 2 8 2 2 2
left_child=1 5 -3 -2 -5 -1
right_child=3 2 -4 4 -6 -7
leaf_value=0.002276673984809735 -0.014293687930659627 0.038344363856542441 0.0030957130327092983 0.047867701038600996 -0.016215807213937783 -0.017907251286815792
leaf_weight=185.69802974630147 115.05817151302472 41.510245093144476 193.02220378420316 9.8672313299030083 10.31715082656592 69.203334159683436
leaf_count=2131 4347 659 3321 305 266 1355
internal_value=0.000395459 0.00303742 0.0100046 -0.00893305 0.0183955 -0.00344215
internal_weight=624.676 489.434 234.532 135.243 20.1844 254.901
internal_count=12384 7466 3980 4918 571 3486
is_linear=0
shrinkage=0.05


Tree=102
num_leaves=6
num_cat=0
split_feature=8 2 12 12 0
split_gain=6.0926 7.90137 12.5033 10.4476 1.273
threshold=8.2851470599708339 0.50252173000000011 0.8742644244145068 1.0695003888647299 2.7342319500000003
decision_type=2 2 2 2 2
left_child=4 3 -3 -2 -1
right_child=1 2 -4 -5 -6
leaf_value=0.040185562329259628 -0.014970232414538841 0.010165611761858723 -0.0075510363413998794 0.010943744288307555 0.0063278884007536944
leaf_weight=6.0969083644449693 149.32554358989 257.75538729596883 155.86230531404726 47.955240118084475 6.6730051329359412
leaf_count=90 5179 3181 2087 1734 113
internal_value=0.000390401 -0.000445477 0.00347905 -0.00855623 0.0292517
internal_weight=623.668 610.898 413.618 197.281 12.7699
internal_count=12384 12181 5268 6913 203
is_linear=0
shrinkage=0.05


Tree=103
num_leaves=5
num_cat=0
split_feature=5 6 4 6
split_gain=6.08108 6.59384 12.7858 12.6053
threshold=4.845764741048959 0.82680489956950454 0.89531150000000015 1.0374772992311201
decision_type=10 8 2 8
left_child=1 2 -1 -3
right_child=-2 3 -4 -5
leaf_value=-0.0037299039017986897 0.032417080857611268 -0.023470890674636577 0.016340234118011929 0.00020600460141229545
leaf_weight=188.82971672643907 9.4775629211217147 69.910342372953892 130.09919100627303 224.88552475348115
leaf_count=7023 96 1372 971 2922
internal_value=0.0003869 -0.000365702 0.00458306 -0.00570673
internal_weight=623.202 613.725 318.929 294.796
internal_count=12384 12288 7994 4294
is_linear=0
shrinkage=0.05


Tree=104
num_leaves=5
num_cat=0
split_feature=19 15 15 17
split_gain=5.85381 6.47654 21.1932 10.1812
threshold=2.2927725175000004 3.6439750500000003 3.6464923500000004 0.6586186689833341
decision_type=2 2 2 2
left_child=1 3 -3 -1
right_child=-2 2 -4 -5
leaf_value=0.0082286110415190506 0.025508337171176506 0.078949957814135108 0.0030550129508044588 -0.0071840065858159224
leaf_weight=145.79630815470591 17.344905950129032 5.3546067364513865 86.69654464465566 367.08801116328686
leaf_count=2778 144 187 2428 6847
internal_value=0.000375227 -0.000548597 0.0113098 -0.00276556
internal_weight=622.28 604.935 92.0512 512.884
internal_count=12384 12240 2615 9625
is_linear=0
shrinkage=0.05


Tree=105
num_leaves=5
num_cat=0
split_feature=9 1 7 6
split_gain=5.85459 6.06506 9.09784 8.54632
threshold=12.537349985924511 0.33222582000000006 13.728016759921115 0.22605036204128257
decision_type=2 2 2 8
left_child=-1 3 -3 -2
right_child=1 2 -4 -5
leaf_value=0.035267332004701488 0.017783977587714977 -0.0049681633395981788 0.010407158170035116 -0.010047158081739099
leaf_weight=6.8117639124393454 27.066135379252955 168.83423467772081 211.8376186650712 206.99780575325713
leaf_count=51 812 1784 2962 6775
internal_value=0.000398827 -0.000268962 0.00361195 -0.00652425
internal_weight=621.548 614.736 380.672 234.064
internal_count=12384 12333 4746 7587
is_linear=0
shrinkage=0.05


Tree=106
num_leaves=7
num_cat=0
split_feature=9 7 16 17 12 9
split_gain=5.73712 10.7697 7.65748 3.99909 4.4005 3.96181
threshold=16.724588678397783 16.674330936571469 0.32058473000000004 0.6881132562278155 1.2227025850673738 15.09947291183758
decision_type=2 2 2 2 2 2
left_child=1 2 -1 4 -2 -3
right_child=3 5 -4 -5 -6 -7
leaf_value=-0.0095234458587826198 -0.013280060884778079 0.0080662239600373664 0.003475781797165857 -0.03011134352360972 0.03320878546900416 0.044271839096971084
leaf_weight=151.49623591103591 10.116459570359437 17.24989591725171 405.347374035744 20.090126397786662 2.7144556601997456 13.822273708414285
leaf_count=3414 496 162 7193 913 140 66
internal_value=0.000397239 0.0016 -0.000114098 -0.0184609 0.00310922 0.0280762
internal_weight=620.837 587.916 556.844 32.921 12.8309 31.0722
internal_count=12384 10835 10607 1549 636 228
is_linear=0
shrinkage=0.05


Tree=107
num_leaves=5
num_cat=0
split_feature=0 6 6 4
split_gain=5.64733 5.95698 11.8102 11.6801
threshold=30.873909000000005 0.82680489956950454 1.0374772992311201 0.95316275000000006
decision_type=2 8 8 2
left_child=1 3 -3 -1
right_child=-2 2 -4 -5
leaf_value=-0.0029693352893281118 0.032528296065313371 -0.022813830803196496 0.00026932904061649661 0.016576677756594937
leaf_weight=200.0733804772608 8.3777485257014614 68.388749643228948 225.75421520881355 117.47928261943161
leaf_count=7128 90 1371 2939 856
internal_value=0.000390984 -0.000309329 -0.00538916 0.00440662
internal_weight=620.073 611.696 294.143 317.553
internal_count=12384 12294 4310 7984
is_linear=0
shrinkage=0.05


Tree=108
num_leaves=6
num_cat=0
split_feature=8 18 17 9 0
split_gain=5.56515 7.46674 10.4368 8.03211 1.14888
threshold=8.2851470599708339 -1.1379578250000002 0.63586563336475954 16.724588678397783 2.7342319500000003
decision_type=2 2 2 2 2
left_child=4 2 -2 -3 -1
right_child=1 3 -4 -5 -6
leaf_value=0.038039034108139087 0.030978929727924417 0.0034540699916291509 -0.018331577460951338 -0.023881923356126045 0.0060025299317774984
leaf_weight=6.2935207593254727 7.5817039967514566 488.67151801404543 86.541606326587498 23.448090521851555 6.686107580550015
leaf_count=90 209 7535 3554 883 113
internal_value=0.000379972 -0.00042954 -0.0129973 0.00198364 0.0277948
internal_weight=619.223 606.243 94.1233 512.12 12.9796
internal_count=12384 12181 3763 8418 203
is_linear=0
shrinkage=0.05


Tree=109
num_leaves=7
num_cat=0
split_feature=15 15 16 7 0 8
split_gain=5.43852 19.5212 10.8088 10.7914 8.14445 6.13139
threshold=3.6439750500000003 3.6464923500000004 0.43784594500000001 13.945104766175875 24.152875000000005 10.688288748026656
decision_type=2 2 2 2 2 2
left_child=2 -2 4 -4 -1 -3
right_child=1 5 3 -5 -6 -7
leaf_value=-0.011432994720091962 0.075436397607066288 0.018224981325267658 -0.0018772286340791912 0.018474335816065137 0.027770041879043916 -0.0073682048624992315
leaf_weight=230.10791698470712 5.5640201726928344 34.661154093686491 194.03368956595659 92.452545191161335 9.3538987822830659 52.538842889480293
leaf_count=6216 187 703 2261 1210 57 1750
internal_value=0.00037379 0.0112084 -0.00162472 0.00489471 -0.00936498 0.00324149
internal_weight=618.712 92.764 525.948 286.486 239.462 87.2
internal_count=12384 2640 9744 3471 6273 2453
is_linear=0
shrinkage=0.05


Tree=110
num_leaves=5
num_cat=0
split_feature=9 15 15 16
split_gain=5.42312 5.49978 18.1266 9.53543
threshold=12.537349985924511 3.6439750500000003 3.6464923500000004 0.43784594500000001
decision_type=2 2 2 2
left_child=-1 3 -3 -2
right_child=1 2 -4 -5
leaf_value=0.033913465594377072 -0.0096241808722732081 0.071768543062800866 0.0028692952484081847 0.003868525566512797
leaf_weight=6.8427193202078334 234.77465526503511 5.8051832597702733 86.202816444914788 284.17054298520088
leaf_count=51 6257 187 2442 3447
internal_value=0.000401121 -0.000246465 0.0106915 -0.00226927
internal_weight=617.796 610.953 92.008 518.945
internal_count=12384 12333 2629 9704
is_linear=0
shrinkage=0.05


Tree=111
num_leaves=5
num_cat=0
split_feature=5 8 16 5
split_gain=5.34537 5.88032 11.7235 9.00275
threshold=4.845764741048959 10.726738946168405 1.0071394200000001 0.51714851129339701
decision_type=10 2 2 10
left_child=1 2 -1 -3
right_child=-2 3 -4 -5
leaf_value=0.0032954242827431968 0.030919391538816773 0.010147619679124462 0.048316943615042011 -0.006909173619505285
leaf_weight=150.85116317169741 9.0433448646217567 94.026111828163266 11.112878754734991 352.36039374722168
leaf_count=3070 96 2048 24 7146
internal_value=0.000421191 -0.000280533 0.00773892 -0.00324375
internal_weight=617.394 608.351 161.964 446.387
internal_count=12384 12288 3094 9194
is_linear=0
shrinkage=0.05


Tree=112
num_leaves=5
num_cat=0
split_feature=0 8 18 0
split_gain=5.09935 5.35797 6.05221 1.11432
threshold=30.873909000000005 8.2851470599708339 -1.1379578250000002 2.7342319500000003
decision_type=2 2 2 2
left_child=1 3 -3 -1
right_child=-2 2 -4 -5
leaf_value=0.036441043044200552 0.031283553559865389 -0.012420782806329467 0.0011655264909123211 0.0055277043157980973
leaf_weight=6.4526495686732215 8.1131478529423458 92.786376349627972 502.86563091934659 6.743530323728919
leaf_count=90 90 3763 8328 113
internal_value=0.000433845 -0.000228707 -0.00103663 0.0265034
internal_weight=616.961 608.848 595.652 13.1962
internal_count=12384 12294 12091 203
is_linear=0
shrinkage=0.05


Tree=113
num_leaves=4
num_cat=0
split_feature=19 9 17
split_gain=5.02833 5.75176 6.66713
threshold=2.2927725175000004 12.701413476190341 0.6586186689833341
decision_type=2 2 2
left_child=1 -1 -3
right_child=-2 2 -4
leaf_value=0.022399024708985835 0.023998057413041635 0.0077865669440571744 -0.0045113592174925148
leaf_weight=21.431135790422559 16.850167090073228 142.04032909311354 436.07533239782788
leaf_count=144 144 2751 9345
internal_value=0.000436892 -0.000418294 -0.00144896
internal_weight=616.397 599.547 578.116
internal_count=12384 12240 12096
is_linear=0
shrinkage=0.05


Tree=114
num_leaves=7
num_cat=0
split_feature=7 9 5 3 4 7
split_gain=4.99409 9.1531 8.27207 7.17329 7.11985 5.808
threshold=16.486582484733322 15.524043902712657 0.86732329778885064 0.24390221500000003 0.95316275000000006 17.779666633841
decision_type=2 2 10 2 2 2
left_child=1 2 -1 -2 -3 -5
right_child=3 4 -4 5 -6 -7
leaf_value=0.008586286857634377 0.040945715548382902 -0.020853665820550725 -0.0048405013458527836 -0.01217568111521636 0.0048531394807122107 0.026506977251644328
leaf_weight=242.24935316480696 12.894934254232792 81.427689511328936 209.53600423200987 23.030019368045032 36.77079432271421 9.854857122525571
leaf_count=4291 360 4286 2736 308 303 100
internal_value=0.000435063 -0.000895891 0.00237418 0.0154627 -0.012984 0.00138506
internal_weight=615.764 569.984 451.785 45.7798 118.198 32.8849
internal_count=12384 11616 7027 768 4589 408
is_linear=0
shrinkage=0.05


Tree=115
num_leaves=7
num_cat=0
split_feature=1 4 1 3 7 8
split_gain=4.81688 8.67442 6.04966 9.5047 9.29337 3.51464
threshold=0.014757158500000001 1.6096066000000002 0.11037253300000001 1.8678930500000002 13.728016759921115 8.6280829258597702
decision_type=2 2 2 2 2 2
left_child=1 5 3 -2 -4 -1
right_child=2 -3 4 -5 -6 -7
leaf_value=0.015215250850638304 0.0070793089608690773 0.032805260544733428 -0.0072271585056756299 0.06288193308526821 0.0064040420243259722 -0.020096072848508739
leaf_weight=4.240527171175926 42.140542845008895 5.3179883426055303 219.66949646640569 4.8115945085883132 276.98356529162265 61.971395713509992
leaf_count=94 1154 43 2759 26 5741 2567
internal_value=0.000428981 -0.011326 0.00206489 0.0182994 0.000363025 -0.016925
internal_weight=615.135 71.5299 543.605 46.9521 496.653 66.2119
internal_count=12384 2704 9680 1180 8500 2661
is_linear=0
shrinkage=0.05


Tree=116
num_leaves=7
num_cat=0
split_feature=9 7 5 17 12 9
split_gain=4.80405 9.0518 6.09982 3.90097 4.16039 3.86471
threshold=16.724588678397783 16.674330936571469 0.5758572498042106 0.6881132562278155 1.2227025850673738 15.09947291183758
decision_type=2 2 8 2 2 2
left_child=1 2 -1 4 -2 -3
right_child=3 5 -4 -5 -6 -7
leaf_value=0.0075634262099013921 -0.012453162769448772 0.0063751112259869402 -0.0036022894181137752 -0.028979235676033811 0.032926391167404687 0.041848585409034827
leaf_weight=174.78733359207399 9.8050479758530873 16.648991466499869 377.64338109781966 19.071966167539358 2.7361878838855764 13.728063729358835
leaf_count=3251 496 162 7356 913 140 66
internal_value=0.000445483 0.00153651 -3.33386e-05 -0.0171313 0.00401084 0.0260552
internal_weight=614.421 582.808 552.431 31.6132 12.5412 30.3771
internal_count=12384 10835 10607 1549 636 228
is_linear=0
shrinkage=0.05


Tree=117
num_leaves=7
num_cat=0
split_feature=15 15 16 7 0 8
split_gain=4.76231 16.809 9.09214 10.054 7.19779 5.37388
threshold=3.6439750500000003 3.6464923500000004 0.43784594500000001 14.717412829971321 24.152875000000005 10.688288748026656
decision_type=2 2 2 2 2 2
left_child=2 -2 4 -4 -1 -3
right_child=1 5 3 -5 -6 -7
leaf_value=-0.010605166170208302 0.068880382487718911 0.016880726232460373 -0.00012448443468656987 0.023140700489841088 0.02652518421514688 -0.0070577719325536281
leaf_weight=225.88792941183783 5.9825728964060536 35.168691238388419 232.99176808050834 52.98009946802631 9.1324593313038331 51.744995728833601
leaf_count=6216 187 703 2903 568 57 1750
internal_value=0.000440148 0.0105629 -0.00144805 0.00450928 -0.00863984 0.00302004
internal_weight=613.889 92.8963 520.992 285.972 235.02 86.9137
internal_count=12384 2640 9744 3471 6273 2453
is_linear=0
shrinkage=0.05


Tree=118
num_leaves=5
num_cat=0
split_feature=9 7 1 9
split_gain=4.73408 5.13376 7.92461 7.21647
threshold=12.537349985924511 13.728016759921115 0.41493787500000007 14.431533576001252
decision_type=2 2 2 2
left_child=-1 3 -3 -2
right_child=1 2 -4 -5
leaf_value=0.031710599330312617 0.00057711039594365702 -0.004455759625942325 0.010752246452671012 -0.016526578510366773
leaf_weight=6.8891333155333987 180.4362005344592 151.86815075669438 185.31094195065089 88.443991026841104
leaf_count=51 2100 6076 2315 1842
internal_value=0.000464477 -0.000147267 0.00393742 -0.00524789
internal_weight=612.948 606.059 337.179 268.88
internal_count=12384 12333 8391 3942
is_linear=0
shrinkage=0.05


Tree=119
num_leaves=7
num_cat=0
split_feature=9 5 7 5 7 17
split_gain=4.6184 7.58687 17.1252 14.8887 7.25765 10.5673
threshold=15.582643405868449 0.86732329778885064 14.604328148749799 1.2401136491340601 16.486582484733322 0.72418086493669276
decision_type=2 8 2 8 2 2
left_child=1 2 -1 -3 -2 -6
right_child=4 3 -4 -5 5 -7
leaf_value=0.0028214332789975303 -0.012801499608937759 -0.018603620495364969 0.037761216477716429 0.0065180896822973821 0.044834346650566438 -0.016171737881693998
leaf_weight=209.5203991769813 109.94874983211048 93.913586415117607 37.364160451805219 141.7295466104988 9.891735519049691 9.8387354339938593
leaf_count=3823 4347 1585 668 1390 305 266
internal_value=0.000449443 0.00271005 0.00875392 -0.00367247 -0.00775044 0.0172942
internal_weight=612.207 482.528 246.885 235.643 129.679 19.7305
internal_count=12384 7466 4491 2975 4918 571
is_linear=0
shrinkage=0.05


end of trees

feature_importances:
Column_9=106
Column_0=63
Column_5=63
Column_4=52
Column_18=50
Column_7=38
Column_15=37
Column_8=33
Column_17=32
Column_10=31
Column_2=30
Column_19=28
Column_1=23
Column_16=14
Column_3=12
Column_6=12
Column_11=6
Column_12=6
Column_13=6
Column_14=3

parameters:
[boosting: gbdt]
[objective: binary]
[metric: binary_logloss]
[tree_learner: serial]
[device_type: cpu]
[data_sample_strategy: bagging]
[data: ]
[valid: ]
[num_iterations: 120]
[learning_rate: 0.05]
[num_leaves: 7]
[num_threads: 1]
[seed: 20260924]
[deterministic: 1]
[force_col_wise: 1]
[force_row_wise: 0]
[histogram_pool_size: -1]
[max_depth: 3]
[min_data_in_leaf: 100]
[min_sum_hessian_in_leaf: 0.001]
[bagging_fraction: 1]
[pos_bagging_fraction: 1]
[neg_bagging_fraction: 1]
[bagging_freq: 0]
[bagging_seed: 30830]
[bagging_by_query: 0]
[feature_fraction: 1]
[feature_fraction_bynode: 1]
[feature_fraction_seed: 26541]
[extra_trees: 0]
[extra_seed: 23432]
[early_stopping_round: 0]
[early_stopping_min_delta: 0]
[first_metric_only: 0]
[max_delta_step: 0]
[lambda_l1: 0]
[lambda_l2: 5]
[linear_lambda: 0]
[min_gain_to_split: 0]
[drop_rate: 0.1]
[max_drop: 50]
[skip_drop: 0.5]
[xgboost_dart_mode: 0]
[uniform_drop: 0]
[drop_seed: 28709]
[top_rate: 0.2]
[other_rate: 0.1]
[min_data_per_group: 100]
[max_cat_threshold: 32]
[cat_l2: 10]
[cat_smooth: 10]
[max_cat_to_onehot: 4]
[top_k: 20]
[monotone_constraints: ]
[monotone_constraints_method: basic]
[monotone_penalty: 0]
[feature_contri: ]
[forcedsplits_filename: ]
[refit_decay_rate: 0.9]
[cegb_tradeoff: 1]
[cegb_penalty_split: 0]
[cegb_penalty_feature_lazy: ]
[cegb_penalty_feature_coupled: ]
[path_smooth: 0]
[interaction_constraints: ]
[verbosity: -1]
[saved_feature_importance_type: 0]
[use_quantized_grad: 0]
[num_grad_quant_bins: 4]
[quant_train_renew_leaf: 0]
[stochastic_rounding: 1]
[linear_tree: 0]
[max_bin: 255]
[max_bin_by_feature: ]
[min_data_in_bin: 3]
[bin_construct_sample_cnt: 200000]
[data_random_seed: 5099]
[is_enable_sparse: 1]
[enable_bundle: 1]
[use_missing: 1]
[zero_as_missing: 0]
[feature_pre_filter: 1]
[pre_partition: 0]
[two_round: 0]
[header: 0]
[label_column: ]
[weight_column: ]
[group_column: ]
[ignore_column: ]
[categorical_feature: ]
[forcedbins_filename: ]
[precise_float_parser: 0]
[parser_config_file: ]
[objective_seed: 14780]
[num_class: 1]
[is_unbalance: 0]
[scale_pos_weight: 1]
[sigmoid: 1]
[boost_from_average: 1]
[reg_sqrt: 0]
[alpha: 0.9]
[fair_c: 1]
[poisson_max_delta_step: 0.7]
[tweedie_variance_power: 1.5]
[lambdarank_truncation_level: 30]
[lambdarank_norm: 1]
[label_gain: ]
[lambdarank_position_bias_regularization: 0]
[eval_at: ]
[multi_error_top_k: 1]
[auc_mu_weights: ]
[num_machines: 1]
[local_listen_port: 12400]
[time_out: 120]
[machine_list_filename: ]
[machines: ]
[gpu_platform_id: -1]
[gpu_device_id: -1]
[gpu_device_id_list: ]
[gpu_use_dp: 0]
[num_gpu: 1]

end of parameters

pandas_categorical:null
